,0,1,2,3
0,0.9897815362931642,0.6886700258705554,0.0,1604328343.7556179
1,1.0,0.6957470164713824,6.258860230445862e-05,1604328343.7567177
2,0.9964763918252291,0.6933617235307308,3.886595368385315e-05,1604328343.7662888
3,0.9164904862579282,0.6368201448961472,0.0005098208785057068,1604328337.3293588
4,0.002818886539816772,0.00010709673656163058,0.6327777430415154,1604328341.953745
5,0.0,0.0,0.7495982982218266,1604328321.5851483
6,0.002818886539816772,0.00010709673656163058,0.07371115684509277,1604328313.661839
7,0.0,4.781104310787147e-07,0.4705619290471077,1604328307.5074625
8,0.7670894996476392,0.7463908638833946,0.00035855919122695923,1604328340.4792688
9,0.9645651173492867,0.10612117869125395,0.0003192722797393799,1604328401.5900018
10,0.009664058904739991,0.0087688946353658,0.0432589054107666,1604328384.974568
11,0.07823285780027611,0.010431584593819107,0.03704255819320679,1604328402.9632134
12,0.9641049240681087,0.9962046263075063,0.0005782246589660645,1604328403.8179536
13,0.08421537045559135,0.008928300330450537,0.018410861492156982,1604328401.7825186
14,0.9677864703175334,1.0,0.0002006739377975464,1604328403.8220165
15,0.994937873907041,0.7014853194945575,0.0,1604328403.8139539
16,1.0000000000000002,0.7046481309049689,1.6085803508758545e-05,1604328403.806012
17,0.7533364012885412,0.5296836176489937,0.000920124351978302,1604328388.621987
18,0.0004601932811780945,3.542348779660846e-05,1.0,1604328379.1482682
19,0.0023009664058904742,0.00012651245641645878,0.11019431054592133,1604328385.925217
20,0.003681546249424758,0.00014643816830205104,0.19747505336999893,1604328401.2445402
21,0.0,4.7442171156172e-06,0.4204941764473915,1604328358.7971442
22,0.0004601932811780945,0.0,0.7231134846806526,1604328369.3878326
23,0.0975609756097561,0.050560386925696706,0.10754498839378357,1604328403.4956224
24,0.023467432950191568,0.021758056589201717,1.0,1604328449.4882941
25,0.35584291187739464,0.044703618364364,0.0275987908244133,1604328463.8656864
26,0.9999999999999999,1.0,0.0002145916223526001,1604328463.8643124
27,0.0675287356321839,0.008717519930045381,0.07124078273773193,1604328461.815352
28,0.9803639846743295,0.9803731338520358,0.0004047304391860962,1604328463.8962421
29,0.8093869731800767,0.5503979626355531,9.603798389434814e-05,1604328450.8317811
30,0.9530651340996169,0.6487579225520671,0.0,1604328458.773262
31,0.004310344827586207,0.00019594952544471606,0.4644226208329201,1604328449.6154969
32,0.0019157088122605363,7.37204240679632e-05,0.6260054036974907,1604328430.5354867
33,0.0009578544061302683,4.81895412738634e-05,0.7863061875104904,1604328437.1362615
34,0.0,0.0,0.6682976633310318,1604328432.0217264
35,0.6901340996168582,0.6451724291996707,0.0638628900051117,1604328463.8802776
36,0.04420432220039292,0.039011147257696055,0.28365037590265274,1604328523.388781
37,0.16846758349705304,0.02238975473414805,0.00012315809726715088,1604328519.8803403
38,0.9999999999999999,1.0,0.0,1604328523.9478333
39,0.5658153241650293,0.02447978373141851,0.023184888064861298,1604328523.9438388
40,0.9666011787819252,0.9661474867941324,0.0005912557244300842,1604328523.9660175
41,0.006876227897838899,0.0002664083313150884,0.2413339465856552,1604328500.2162519
42,0.0019646365422396855,9.425749314342193e-05,0.5783068314194679,1604328487.754358
43,0.0004911591355599214,2.2909807361248386e-05,1.0,1604328505.0639465
44,0.0009823182711198425,4.320135102406839e-05,0.4838081896305084,1604328513.2575107
45,0.0,0.0,0.269246369600296,1604328474.9578605
46,0.30206286836935164,0.2505285619841202,0.0003019198775291443,1604328523.7744005
47,0.01358950328022493,0.0030540712627031884,0.021162107586860657,1604328574.4082074
48,0.20899718837863168,0.045029214212589576,0.04402324557304382,1604328581.9188783
49,0.9301780693533271,0.9302417039127069,0.0004898607730865479,1604328583.9841723
50,0.4751640112464855,0.022229643686484057,0.0,1604328580.6522207
51,1.0,0.9999999999999999,0.0010533928871154785,1604328584.0179305
52,0.0060918462980318645,0.0002415790656445854,0.558709055185318,1604328562.5419993
53,0.004217432052483599,0.0001916402407051362,0.9211003333330154,1604328570.1902554
54,0.0023430178069353325,0.00010237459112587079,0.6174333095550537,1604328537.4569008
55,0.0009372071227741331,4.7129766036605157e-05,0.6902379393577576,1604328539.028978
56,0.0,0.0,1.0,1604328545.5368915
57,0.03561387066541706,0.012469100352068715,0.0386858731508255,1604328583.1905339
58,0.003915810083210965,0.00018656473013346555,0.1048363447189331,1604328620.6998367
59,0.0166421928536466,0.005071494735743454,0.08365790545940399,1604328625.1822526
60,0.9481155163974547,0.9476734856292972,0.0,1604328644.0632558
61,0.06461086637298091,0.014359613302195724,0.071253702044487,1604328639.3949418
62,1.0000000000000002,0.9999999999999999,0.0011508017778396606,1604328644.0757844
63,0.0029368575624082235,0.0001200276585474044,0.6702461838722229,1604328599.7337215
64,0.002447381302006853,0.00010698117392268653,1.0,1604328607.4481292
65,0.002447381302006853,8.838993333246356e-05,0.15251567959785461,1604328587.932546
66,0.0009789525208027412,4.305339926156897e-05,0.04991722106933594,1604328613.504799
67,0.003915810083210965,0.00014057587183133506,0.23378373682498932,1604328627.7999609
68,0.0,0.0,0.04382854700088501,1604328585.0373685
69,0.03132648066568772,0.02303161163224569,0.8713598102331161,1604328642.0439444
70,0.0,1.2276382286544403e-05,0.9722731783986092,1604328682.8591852
71,0.004605936540429888,0.0012051315277957753,0.6309319585561752,1604328670.5077055
72,1.0,1.0,0.0,1604328704.146592
73,0.08393039918116683,0.00934778308996542,0.033175207674503326,1604328703.9929774
74,0.9037871033776869,0.9038350054220687,0.00019356608390808105,1604328704.1249123
75,0.0025588536335721594,9.241387776815369e-05,0.1425863727927208,1604328650.12471
76,0.0010235414534288637,5.149260347967236e-05,0.36107295751571655,1604328658.6534681
77,0.0010235414534288637,4.77414866698949e-05,0.31084512174129486,1604328690.7123704
78,0.0,0.0,1.0,1604328683.9647324
79,0.0025588536335721594,7.365829371926642e-05,0.5390179455280304,1604328665.7386246
80,0.03172978505629478,0.013182447501415192,0.15026739984750748,1604328701.4997842
81,0.009644670050761422,0.005623336253521985,0.39590316265821457,1604328735.6107326
82,0.0020304568527918783,0.0005936213608981103,0.2499614655971527,1604328755.7737148
83,1.0000000000000002,1.0,0.0008387118577957153,1604328764.2117841
84,0.04771573604060914,0.004424931420666142,0.0293336883187294,1604328762.1078598
85,0.933502538071066,0.9335347023267928,0.0,1604328764.1878872
86,0.0,0.0,0.4584423154592514,1604328717.7593248
87,0.0005076142131979696,1.3529831587421315e-05,1.0,1604328747.461059
88,0.004568527918781726,0.00014916639325132,0.9081516265869141,1604328762.3803241
89,0.03248730964467005,0.011923164086415035,0.21524745970964432,1604328762.7231598
90,0.0,1.2903410801588552e-05,0.5325683131814003,1604328786.693164
91,0.003765465303926842,0.00023978838406285395,0.10892251878976822,1604328820.1126487
92,0.9999999999999999,1.0,0.00037930160760879517,1604328824.255815
93,0.16675632060247442,0.013564710605169967,0.04536525160074234,1604328824.280039
94,0.9026358257127487,0.902686776871353,0.0,1604328824.2695205
95,0.0,0.0,1.0,1604328806.4106438
96,0.0,0.0,0.9168431237339973,1604328802.9028711
97,0.0026896180742334583,0.00011147113220261221,0.36682046204805374,1604328779.8407824
98,0.0010758472296933832,2.8674246225752342e-05,0.07552414387464523,1604328771.502432
99,0.1167294244217321,0.06429590388392666,0.0596313551068306,1604328823.7991686
100,0.005365853658536586,0.008274183853705257,1.0,1604328881.3641553
101,0.005365853658536586,0.0007561120949127833,0.015355013310909271,1604328880.8470786
102,1.0,1.0,0.0,1604328884.3146846
103,0.9965853658536585,0.034389182159250284,0.0005067735910415649,1604328884.3200629
104,0.8990243902439025,0.8994979428636903,0.0003724023699760437,1604328884.3402817
105,0.0,0.0,0.26970890909433365,1604328853.814464
106,0.0,0.0,0.4546063728630543,1604328881.2641044
107,0.1980487804878049,0.14986491293544013,0.02749396115541458,1604328877.678414
108,0.020207253886010364,0.005888706382508833,0.9700125008821487,1604328917.8319411
109,0.005699481865284973,0.0002957293507067138,1.0,1604328928.3314793
110,1.0,1.0,0.0,1604328944.3909824
111,0.38756476683937824,0.01826171875,0.0004258006811141968,1604328943.731765
112,0.8875647668393781,0.8871828759938163,0.00212918221950531,1604328944.3985155
113,0.0,0.0,0.057723268866539,1604328885.3321214
114,0.025906735751295335,0.008735230786219081,0.022085040807724,1604328937.4599795
115,0.0032608695652173916,0.0037988326986261806,0.5001866295933723,1604328989.2887924
116,0.0,0.00027289632762615663,1.0,1604328982.6223538
117,0.9559782608695652,0.9581209097219858,0.0,1604329004.4764845
118,0.050543478260869565,0.006269376906021598,0.013516061007976532,1604329003.1506133
119,1.0,0.9999999999999999,0.0006486549973487854,1604329004.456497
120,0.0,0.0,0.5422855168581009,1604328958.1153212
121,0.026086956521739132,0.01963261060444727,0.36390022188425064,1604329001.2187412
122,0.0,0.0,1.0,1604329032.4127333
123,0.006688963210702341,0.0003101294595502046,0.36492689698934555,1604329061.1861746
124,0.9788182831661092,0.9782979946694875,0.0007243826985359192,1604329064.5275667
125,0.0802675585284281,0.008004682769132946,0.0605921670794487,1604329063.7437363
126,1.0,1.0,0.0,1604329064.4993138
127,0.1164994425863991,0.10505217603170972,0.13430599868297577,1604329060.9331448
128,0.0,0.0,1.0,1604329085.505067
129,0.01935483870967742,0.0020318610742348676,0.46213676035404205,1604329108.5104966
130,0.9618279569892474,0.9633396720605647,0.0007254481315612793,1604329124.569631
131,0.05645161290322581,0.008294643177496322,0.011371850967407227,1604329120.3741763
132,1.0,1.0,0.0,1604329124.5504208
133,0.25698924731182793,0.23271321445229806,0.3070291429758072,1604329124.578089
134,0.0,0.0,1.0,1604329170.72815
135,0.0106323447118075,0.0025065924237508293,0.020768657326698303,1604329180.3127296
136,1.0000000000000002,0.9999999999999999,0.00035440921783447266,1604329184.6518009
137,0.06715165081141579,0.010476356862173922,0.017765246331691742,1604329184.571942
138,0.04756575265808618,0.04684262108584734,0.0,1604329127.4841874
139,0.8774482372691663,0.8767109663139159,0.0005159452557563782,1604329176.9641492
140,0.013259668508287293,0.009631572707876918,0.09199056029319763,1604329213.8857508
141,0.0,0.0,1.0,1604329242.7053561
142,1.0,0.9999999999999999,0.0,1604329244.6918516
143,0.0712707182320442,0.013221115466928675,0.07838195562362671,1604329244.2268631
144,0.9718232044198896,0.6612466283806574,0.3317933678627014,1604329244.699973
145,0.023756906077348067,0.007750916562950413,0.19879543781280518,1604329240.6492507
146,0.01350621285791464,0.0015089562402690324,1.0,1604329303.017806
147,0.015126958400864398,0.003315653846038465,0.02389596402645111,1604329302.7461255
148,0.9573203673689897,1.0,0.0,1604329304.7628639
149,0.08319827120475419,0.01089980890554174,0.03630407899618149,1604329303.8695493
150,1.0,0.712676582379111,0.0003027692437171936,1604329304.7439954
151,0.0,0.0,0.10907141119241714,1604329249.4981418
152,0.009184224743381956,0.003349402867316848,0.06989763677120209,1604329299.3984706
153,0.0,0.0,1.0,1604329361.2224922
154,0.028571428571428574,0.0038743272273127306,0.05391901731491089,1604329364.5211632
155,0.969811320754717,1.0,0.0004244893789291382,1604329364.8258965
156,0.23234501347708897,0.01190191252595555,0.05700287967920303,1604329364.8095958
157,1.0000000000000002,0.70321351268266,0.0,1604329364.813562
158,0.022102425876010787,0.015515065779957598,0.1518155261874199,1604329360.7738101
159,0.0,0.0,0.9050797522068024,1604329417.3403814
160,0.04151530877010897,0.00899293870061656,0.1198326051235199,1604329423.2007878
161,0.9532952776336273,1.0,0.0046784281730651855,1604329424.8692455
162,0.9444732745199791,0.03428759431733526,0.0,1604329424.8740482
163,0.9999999999999999,0.7157087822737036,0.001262068748474121,1604329424.8662364
164,0.3404255319148936,0.331493366262874,1.0,1604329424.8903725
165,0.0,0.0,1.0,1604329442.7020361
166,0.15745568300312826,0.016948130277442703,0.5078779458999634,1604329484.1589315
167,0.9092805005213764,0.9752040672848505,0.00034865736961364746,1604329484.9471264
168,0.3868613138686131,0.004477269531625805,0.0013343989849090576,1604329484.3978968
169,1.0,0.728340746112916,0.0,1604329484.9511886
170,0.9708029197080292,1.0,0.0036551058292388916,1604329484.9591622
171,0.0010116337885685382,0.00011112150844523465,0.42626673728227615,1604329508.9872344
172,0.06676783004552353,0.010771841224909933,0.0036334507167339325,1604329542.561095
173,0.9195751138088013,0.9999999999999999,0.0,1604329544.9980536
174,0.0490642387455741,0.007384828404996959,0.008019760251045227,1604329540.7343566
175,1.0,0.7417938228138306,0.00014416873455047607,1604329544.9948206
176,0.0,0.0,1.0,1604329540.9484923
177,0.9094587759231159,0.9438024902914892,0.00014574453234672546,1604329541.8008995
178,0.0,0.029674039674324176,1.0,1604329595.390044
179,0.0,0.0,0.012794852256774902,1604329603.9143138
180,0.9593054801953337,1.0,0.00033376365900039673,1604329605.0587127
181,0.034725990233315254,0.0032637613792127432,0.08340641111135483,1604329600.4082425
182,1.0,0.7108631313871862,0.0,1604329605.045324
183,0.33532284319045036,0.3097432833556194,0.2405201494693756,1604329605.0377862
184,0.0,0.0,1.0,1604329649.4699097
185,0.1698502839442437,0.03527217801905503,0.019620604813098907,1604329665.2380402
186,0.23489932885906042,0.34115798293738697,0.000340878963470459,1604329619.9655836
187,0.018069179143004648,0.0034413602498187565,0.075763039290905,1604329662.590025
188,1.0,0.9999999999999999,0.00016636401414871216,1604329665.1976397
189,0.23076923076923078,0.28503194828582346,0.0,1604329654.1639583
190,0.0021774632553075678,0.009257024623611564,0.7924961149692535,1604329683.345007
191,0.39194338595536204,0.04056952168606809,0.0019287914037704468,1604329724.8577185
192,0.7033206314643441,0.7029112442034676,1.0,1604329725.295747
193,0.0,0.0,0.14191754162311554,1604329720.3702796
194,1.0,1.0,0.0,1604329725.2676816
195,0.027218290691344585,0.015570960752306861,0.2963116616010666,1604329725.2874405
196,0.47144456886898095,0.06319713235827723,0.6297988891601562,1604329784.698549
197,0.9916013437849944,0.9918371584624194,0.005829453468322754,1604329785.3418398
198,0.05935050391937291,0.0,1.0,1604329784.9864256
199,1.0,0.9999999999999999,0.0,1604329785.3542888
200,0.0,0.035850288930688944,0.9792860150337219,1604329784.2754095
201,0.0198300283286119,0.49758160301083265,0.629180908203125,1604322682.378682
202,0.18923512747875354,0.051730799502010566,1.0,1604322696.2183087
203,0.006798866855524076,0.0,0.17955398559570312,1604322695.5968692
204,0.0,0.2693579084443554,0.0,1604322694.0663948
205,1.0,1.0,0.0,1604322756.4744604
206,0.0,0.0,1.0,1604322729.5179105
207,0.20512820512820515,0.06781289702629323,0.22628533840179443,1604322755.4512875
208,0.042735042735042736,0.02973061866773293,0.31567031145095825,1604322756.4889078
209,0.08920940170940173,0.40321748495733883,0.43156903982162476,1604322755.5900176
210,0.9999999999999999,0.9999999999999999,0.0,1604322816.5691705
211,0.0,0.0,1.0,1604322774.6763804
212,0.2290889717634523,0.09137477370274802,0.01928013563156128,1604322815.145114
213,0.10708577517314864,0.15099952592913116,0.006688952445983887,1604322815.1574829
214,0.03942461374533831,0.17919878841485334,0.37923747301101685,1604322813.257011
215,1.0,1.0,0.0,1604322876.6219997
216,0.0,0.0,0.18977568298578262,1604322823.7636712
217,0.2301255230125523,0.17163750033043434,0.1480046883225441,1604322876.540108
218,0.3362970711297071,0.16167490549578367,0.20153800398111343,1604322876.6352077
219,0.0026150627615062756,0.0005947817811731741,0.36914636194705963,1604322830.6850243
220,0.003661087866108786,0.004156863781754738,1.0,1604322869.5566888
221,0.9999999999999999,1.0,0.0011900514364242554,1604322936.6876743
222,0.0,0.0,1.0,1604322895.2128193
223,0.17358078602620086,0.028960107682268983,0.0,1604322935.7331948
224,0.5884279475982532,0.19448401676727717,0.0018576085567474365,1604322934.512308
225,0.017467248908296942,0.07304424470385668,0.4209216982126236,1604322932.0462449
226,0.9999999999999999,0.3019482133588932,0.0,1604322996.7351553
227,0.0,0.0,1.0,1604322947.5294673
228,0.18661787767903817,0.024644491330778666,0.00206601619720459,1604322996.7743397
229,0.04391008886565604,0.011733625522251233,0.6469378471374512,1604322995.678865
230,0.360167276529012,1.0,0.12783867120742798,1604322992.884969
231,1.0,0.2445435105189742,0.0,1604323056.837404
232,0.0,0.0,1.0,1604323041.768902
233,0.30005367686527107,0.057948887413136245,0.0006595999002456665,1604323056.8073668
234,0.05636070853462158,0.0065590673525739,0.10530827194452286,1604323055.498546
235,0.463768115942029,1.0,0.1356813609600067,1604323056.8065567
236,0.9999999999999999,0.11536146441958152,0.0012560933828353882,1604323116.8869367
237,0.0,0.0,1.0,1604323081.858656
238,0.20163934426229507,0.008370425312019482,2.3677945137023926e-05,1604323116.395583
239,0.08579234972677596,0.009854231770186834,0.07378748059272766,1604323116.9114318
240,0.985792349726776,1.0,0.0,1604323116.2382605
241,1.0,0.6733591511845333,0.0,1604323176.9728918
242,0.07088744588744589,0.41779458940181496,1.0,1604323169.517699
243,0.21374458874458874,0.04655361707237576,0.051904886960983276,1604323176.0472631
244,0.979978354978355,0.20649777846396652,0.0025627613067626953,1604323176.9435575
245,0.0,0.0,0.46814218163490295,1604323122.2484841
246,0.21536796536796537,1.0,0.03247082233428955,1604323176.9516072
247,1.0000000000000002,0.10561463912313136,0.0003275871276855469,1604323237.021618
248,0.0,0.0,0.47559185326099396,1604323229.6317291
249,0.2593766508188061,0.01972299910130963,0.002316497266292572,1604323236.3082156
250,0.0036978341257263604,0.00027546891750425157,0.3618415296077728,1604323200.468627
251,0.6148969889064977,0.02684455389678834,0.0,1604323231.6805372
252,0.0036978341257263604,0.00027546891750425157,1.0,1604323231.788009
253,0.0036978341257263604,0.00027546891750425157,0.5585847869515419,1604323209.7876432
254,0.9830956154252509,0.9999999999999999,0.0003210678696632385,1604323237.0295238
255,1.0,0.11602214210423842,0.0002981945872306824,1604323297.0767376
256,0.005979073243647235,0.0019016831490395914,0.18665684759616852,1604323277.3575578
257,0.22820129546586942,0.011769958441593318,0.005831766873598099,1604323296.9968336
258,0.03736920777279522,0.0021235741572505655,0.013155341148376465,1604323295.6663632
259,0.0,0.0,1.0,1604323294.864849
260,0.0,0.0,0.6267662793397903,1604323276.6683102
261,0.0,0.0,0.30425339564681053,1604323260.027904
262,0.0,0.0,0.3955078013241291,1604323264.6909325
263,0.0,0.0,0.5602971240878105,1604323271.2367504
264,0.0,0.0,0.4069383591413498,1604323264.306629
265,0.98903836571998,1.0,0.0,1604323297.1014204
266,1.0,0.11285125523101075,0.0,1604323357.1574285
267,0.0,0.0,1.0,1604323339.50547
268,0.22617207624935604,0.01881224497279945,0.021626852452754974,1604323356.1526961
269,0.05564142194744977,0.00498418179022924,0.03755047917366028,1604323356.1371796
270,0.004121586810922205,0.00029337384149067763,0.13797158002853394,1604323309.2267325
271,0.0422462648119526,0.0012828053309412082,0.1133410781621933,1604323351.5684311
272,0.9799072642967543,1.0,0.0004276186227798462,1604323357.1168087
273,1.0,0.11404036144361185,0.00035517290234565735,1604323417.1875806
274,0.0288,0.02429147608698003,0.1490076221525669,1604323417.1996033
275,0.33013333333333333,0.01611430095551158,0.0003821663558483124,1604323417.207066
276,0.06613333333333335,0.013762106090259981,0.00035867467522621155,1604323414.5270057
277,0.0,0.0,0.4335850887000561,1604323407.672943
278,0.0021333333333333334,6.343645361389546e-05,1.0,1604323413.7538939
279,0.9882666666666667,1.0000000000000002,0.0,1604323417.1997516
280,1.0,0.11238682965864451,0.0,1604323477.2593908
281,0.013669821240799157,0.006824465836723287,0.08579795062541962,1604323473.1622584
282,0.314931650893796,0.013334572164420307,0.001042291522026062,1604323477.2699897
283,0.08201892744479494,0.007924724118315223,0.05723030865192413,1604323477.256417
284,0.04311251314405889,0.0013360279133616379,1.0,1604323476.3072662
285,0.0,0.0,0.6227310448884964,1604323460.803476
286,0.9542586750788643,1.0,0.0005224496126174927,1604323477.2728875
287,0.970260223048327,0.1066871858602987,0.0002810433506965637,1604323537.3365662
288,0.048858204992033985,0.015982465502135196,0.07607045024633408,1604323531.3771737
289,0.24004248539564524,0.008963995396981995,0.00031807273626327515,1604323534.447755
290,0.03929899097185342,0.003038246663448895,0.0,1604323535.8692708
291,0.0,0.0,1.0,1604323531.4387512
292,0.0005310674455655869,1.4154421912177477e-05,0.4637213796377182,1604323530.0088542
293,0.9999999999999999,1.0,0.000761672854423523,1604323537.317723
294,0.9737124463519313,0.09858835603824223,0.00029295310378074646,1604323597.3814201
295,0.004828326180257511,0.0008085438879124298,0.001216590404510498,1604323554.7561305
296,0.40182403433476394,0.031254637684009885,0.07788502052426338,1604323597.361961
297,0.6330472103004292,0.02453059932734584,0.029285229742527008,1604323597.3906136
298,0.0434549356223176,0.0012859459623764252,1.0,1604323596.1740677
299,0.0434549356223176,0.0012863035669265857,0.22614053636789322,1604323580.5877483
300,0.0,0.0,0.36095862090587616,1604323583.6625197
301,0.002682403433476395,0.00010048687859504326,0.2955826558172703,1604323583.301596
302,1.0,1.0,0.0,1604323597.3713958
303,1.0,0.12169667423241692,0.0007073208689689636,1604323657.449993
304,0.011578947368421053,0.011109975843118937,0.16127650439739227,1604323606.662082
305,0.2505263157894737,0.011448245159501097,0.0,1604323657.4423347
306,0.003157894736842105,8.757781653907066e-05,0.2598359063267708,1604323643.887759
307,0.6373684210526315,0.025342100845855746,0.0012898445129394531,1604323654.0062418
308,0.003684210526315789,0.0002984943913706658,0.27370642870664597,1604323611.277927
309,0.0,0.0,1.0,1604323650.269662
310,0.0,0.0,0.44017427414655685,1604323634.7066145
311,0.0005263157894736842,1.4596302756511776e-05,0.29906801134347916,1604323647.8086772
312,0.004736842105263158,0.00029557513081936344,0.1059824600815773,1604323612.7274606
313,0.9605263157894736,0.9999999999999999,0.00029496848583221436,1604323657.4779043
314,1.0,0.13442051965459004,0.00016508996486663818,1604323717.5523214
315,0.003676470588235294,0.002176881687549477,0.0692475363612175,1604323698.9943812
316,0.21428571428571427,0.00976132566534956,0.0,1604323717.1407883
317,0.06039915966386554,0.007100740011470328,0.03339402377605438,1604323716.9559138
318,0.0,0.0,0.4464596062898636,1604323700.3636699
319,0.0010504201680672268,4.533388190181622e-05,0.11306849867105484,1604323702.939343
320,0.007878151260504201,0.0004837039663297561,0.4370168372988701,1604323707.4778693
321,0.002100840336134454,7.52713510822609e-05,1.0,1604323704.2237396
322,0.8198529411764706,1.0,0.0005903765559196472,1604323707.4347348
323,0.9999999999999999,0.14558859015819156,0.0,1604323777.5733452
324,0.0,4.192602572021925e-06,0.4269372448325157,1604323739.1034904
325,0.18309859154929578,0.009014561374577361,0.011800967156887054,1604323773.8475537
326,0.004173187271778821,0.00038711697081669105,1.0,1604323774.2533293
327,0.05268648930620761,0.006048062132506738,0.00817207619547844,1604323777.4318407
328,0.04277516953573291,0.0016942772838270822,0.9643635861575603,1604323772.8048565
329,0.004173187271778821,0.00018820127101076196,0.03770001232624054,1604323771.7924318
330,0.004694835680751173,0.0003475201687475951,0.14708353579044342,1604323773.2460747
331,0.0,0.0,0.5401591956615448,1604323744.8117907
332,0.7569118414188836,0.9999999999999999,0.05723908543586731,1604323777.5976388
333,1.0,1.0,0.0,1604323837.6310346
334,0.005268703898840884,0.002442370657087183,0.42722607031464577,1604323823.47158
335,0.29610115911485774,0.25054017152931507,0.11352507770061493,1604323837.6607602
336,0.07639620653319283,0.06893317779928154,0.08782484009861946,1604323836.1534722
337,0.0,0.0,0.3485148474574089,1604323824.9230793
338,0.04162276080084299,0.011747902278662231,1.0,1604323835.5996099
339,0.004741833508956796,0.002684287967762033,0.20291559025645256,1604323801.1486542
340,0.001053740779768177,0.000656159281008497,0.13873549923300743,1604323785.339031
341,0.05900948366701791,0.42425999814419596,0.00027709081768989563,1604323824.493746
342,1.0,0.15994376340655092,0.0,1604323897.7074525
343,0.022234273318872018,0.024630836745752196,0.08138184249401093,1604323884.0241625
344,0.20878524945770066,0.012153017251475533,0.0005676373839378357,1604323897.654821
345,0.044468546637744036,0.004736699374183115,0.09565161168575287,1604323896.9355817
346,0.044468546637744036,0.0018931182004290096,0.8094418048858643,1604323882.6144335
347,0.001084598698481562,2.7587369981506056e-05,0.19639939814805984,1604323889.1265697
348,0.005422993492407809,0.0004096464184046276,0.020527295768260956,1604323886.0006964
349,0.0,0.0,0.020838968455791473,1604323838.6545722
350,0.0,0.0,1.0,1604323884.997716
351,0.7364425162689805,1.0,0.1874917671084404,1604323897.7319086
352,1.0,0.12522065036051172,0.0,1604323957.774393
353,0.0005621135469364812,1.7364149519949812e-05,0.023557152599096298,1604323899.1053486
354,0.2636312535132097,0.012137997465748073,0.016649499535560608,1604323957.4662948
355,0.21135469364811693,0.015006280795661887,0.02171255648136139,1604323957.7828925
356,0.0011242270938729621,2.467537037045499e-05,0.22885343804955482,1604323951.7532413
357,0.04721753794266442,0.0016989449451361419,0.7103341184556484,1604323943.7088118
358,0.009555930297920179,0.0005556527846383939,0.13124282285571098,1604323946.7340295
359,0.0016863406408094434,9.687367626919367e-05,0.005076862871646881,1604323898.1229346
360,0.0,1.8278052126263e-06,1.0,1604323954.2289057
361,0.0,0.0,0.19032355397939682,1604323908.4907365
362,0.8487914558740866,1.0,0.0003779307007789612,1604323957.7909458
363,0.9999999999999999,0.11543712487185079,0.0,1604324017.8465798
364,0.005333333333333333,0.0008381258978191298,0.010361649096012115,1604324016.6428084
365,0.18613333333333335,0.008687616457477312,0.017940841615200043,1604324016.959012
366,0.9221333333333334,0.03481592020917516,0.00016450881958007812,1604324017.855032
367,0.0031999999999999997,0.00011386738168152688,0.45079221576452255,1604324005.0509372
368,0.0064,0.00033579258475470685,0.2377902790904045,1604324014.1859214
369,0.0,0.0,0.16027460992336273,1604323963.844766
370,0.002666666666666667,7.320045965241015e-05,1.0,1604323995.580523
371,0.9664,1.0000000000000002,9.185075759887695e-05,1604324017.873274
372,1.0,0.2379977942041411,0.0,1604324077.9167464
373,0.015447991761071062,0.012888984678639859,0.1423017531633377,1604324077.6721098
374,0.194129763130793,0.01733531333906493,0.0025851577520370483,1604324077.0048938
375,0.4351184346035015,0.04199301629557349,0.00020557641983032227,1604324077.852096
376,0.005149330587023686,0.0006513176748669537,0.07876084744930267,1604324033.41162
377,0.0020597322348094747,0.00019894794432299674,0.20469775795936584,1604324026.3880136
378,0.0,0.0,0.0830894187092781,1604324021.2708707
379,0.0,0.0,1.0,1604324058.671997
380,0.0,7.894759695356986e-07,0.17799082398414612,1604324025.1419346
381,0.4866117404737384,1.0000000000000002,0.0006899535655975342,1604324074.960241
382,0.9999999999999999,0.6877992208435607,0.0,1604324138.0868301
383,0.004168837936425221,0.0012272839867588444,0.11924425512552261,1604324113.9879653
384,0.30536737884314746,0.18225279798230007,0.0025049224495887756,1604324137.6971684
385,0.09640437727983324,0.1266512036390659,0.029532581567764282,1604324133.009115
386,0.0,6.755691670232156e-06,0.21915414184331894,1604324084.8489017
387,0.0,6.755691670232156e-06,1.0,1604324109.4101267
388,0.0,0.0,0.35195235162973404,1604324089.0260215
389,0.1803022407503908,0.9999999999999999,0.033107511699199677,1604324138.0667758
390,0.9999999999999999,0.10665100304639862,0.0005842223763465881,1604324198.1367497
391,0.2581160191591272,0.012082436714910329,0.018875353038311005,1604324197.1371498
392,0.07663650878126663,0.005732827307504471,0.11776275932788849,1604324197.7364073
393,0.0,1.4427651459681579e-06,1.0,1604324171.5902355
394,0.0,1.4427651459681579e-06,0.6711843237280846,1604324160.5762455
395,0.0,0.0,0.9961181432008743,1604324171.4602091
396,0.0,3.60691286492042e-07,0.782740131020546,1604324164.3129122
397,0.9850984566258647,1.0,0.0,1604324198.1633506
398,1.0,0.287169109815844,0.0,1604324258.2080834
399,0.0,0.0,0.9138103872537613,1604324229.109171
400,0.22670974690360796,0.02202029395247962,0.00015181303024291992,1604324258.221513
401,0.05708131394722671,0.012741813675180574,0.01777774840593338,1604324257.4264655
402,0.0,3.8728916945837645e-06,1.0,1604324232.0273814
403,0.0,0.0,0.28678127378225327,1604324207.8791995
404,0.0,9.682229236459411e-07,0.5029784962534904,1604324215.1992118
405,0.3774905761981691,1.0000000000000002,0.0005047470331192017,1604324257.7974346
406,0.9999999999999999,1.0,0.0,1604324318.2934647
407,0.0005586592178770949,0.0002784682885746499,0.5815032944083214,1604324311.2216833
408,0.24860335195530725,0.09008449135389925,0.00040684640407562256,1604324318.1245546
409,0.0553072625698324,0.04774372767159759,0.06792263686656952,1604324315.7235558
410,0.0,0.0,1.0,1604324290.775408
411,0.0,0.0,0.19321168214082718,1604324264.5303817
412,0.0033519553072625693,0.001636850184060747,0.9279122948646545,1604324303.6458347
413,0.002793296089385475,0.0006316475814010351,0.9081777781248093,1604324287.9662273
414,0.030167597765363128,0.10785552250159611,0.04889363795518875,1604324312.6023574
415,1.0000000000000002,1.0,0.0,1604324378.3574197
416,0.03829787234042553,0.35995000792128007,0.023849941790103912,1604324339.6087437
417,0.2372340425531915,0.09710081149113696,0.02108374983072281,1604324377.6167526
418,0.06489361702127659,0.058628034290341316,0.010977186262607574,1604324375.9816256
419,0.0,0.00010561706771814326,0.011621184647083282,1604324318.7814488
420,0.0,9.153479202239081e-05,0.05876172333955765,1604324320.6554818
421,0.0,9.153479202239081e-05,1.0,1604324358.0736256
422,0.0,9.505536094632893e-05,0.5535285621881485,1604324340.3245254
423,0.0,0.0,0.8653565645217896,1604324352.720988
424,0.01223404255319149,0.05508634195285958,0.9138984829187393,1604324366.5047567
425,1.0,0.9999999999999999,0.0,1604324438.4312468
426,0.003848268279274327,0.00171035041240388,0.6670360900461674,1604324411.9714065
427,0.30951072017592085,0.17563553479864988,0.005495354533195496,1604324438.4078574
428,0.42550852116547555,0.18623970735555392,0.03278767317533493,1604324438.4197752
429,0.0,0.0,0.8515583388507366,1604324420.9306817
430,0.0,0.0,0.01655610278248787,1604324379.2085586
431,0.0,0.0,0.8470393866300583,1604324420.7048855
432,0.002748763056624519,0.0014485620839747148,1.0,1604324432.5095358
433,0.012644310060472787,0.03700290759570108,0.40379366651177406,1604324437.3017983
434,1.0,1.0,0.0007277801632881165,1604324498.5004191
435,0.31870543060888645,0.19839079227687484,0.0,1604324498.0849094
436,0.8228195282501373,0.2759235190867311,0.00036200135946273804,1604324495.6708384
437,0.0,1.3398898610534205e-05,0.848467580974102,1604324465.9408176
438,0.0,0.0,1.0,1604324470.851661
439,0.0005485463521667581,0.00013733871075797567,0.8086279183626175,1604324491.713937
440,0.0,3.349724652633565e-06,0.13625945895910263,1604324442.8596673
441,0.015907844212835986,0.036759878338000616,0.027653776109218597,1604324495.3603923
442,1.0,0.4762847742473625,0.0,1604324558.4799922
443,0.21314952279957583,0.0340073217071626,0.011208761483430862,1604324558.4602783
444,0.05514316012725345,0.02804028483603392,0.003056369721889496,1604324555.1810205
445,0.0,0.0,1.0,1604324551.0698264
446,0.0,0.0,0.5484084859490395,1604324527.3438988
447,0.0031813361611876994,0.0007429833639691685,0.16638268530368805,1604324542.483014
448,0.24814422057264054,0.9999999999999999,0.07354719191789627,1604324558.478982
449,0.9999999999999999,0.10652155535494856,0.0004062578082084656,1604324618.6777146
450,0.04464766003227542,0.039587340021798395,0.06439104676246643,1604324604.834069
451,0.38838084991931143,0.02987807087196611,0.0,1604324618.5946193
452,0.046799354491662185,0.004570644018875842,0.08489175885915756,1604324617.1338403
453,0.0,1.1321882632835875e-05,1.0,1604324614.1270657
454,0.00322754168908015,0.00019435898519701584,0.33072369545698166,1604324604.1381009
455,0.0,0.0,0.7924111150205135,1604324602.5790946
456,0.0,1.0189694369552286e-05,0.5647038854658604,1604324589.9119594
457,0.0,1.0189694369552286e-05,0.44129714369773865,1604324583.0469606
458,0.0026896180742334583,8.15175549564183e-05,0.3732396587729454,1604324579.439518
459,0.9892415277030661,0.9999999999999999,2.381950616836548e-05,1604324618.6670904
460,1.0,0.16258233629591287,0.00012195855379104614,1604324678.7356405
461,0.0005411255411255411,6.001246330264661e-05,0.05685443803668022,1604324642.9282272
462,0.35227272727272724,0.021354792075568552,0.016549091786146164,1604324678.2879548
463,0.06818181818181819,0.01929293530067048,0.008258376270532608,1604324678.2999716
464,0.0,1.6074766956066055e-05,1.0,1604324674.5461838
465,0.0,1.3931464695257249e-05,0.024027124047279358,1604324620.044958
466,0.0,0.0,0.796418234705925,1604324663.177573
467,0.0,1.3931464695257249e-05,0.6807793937623501,1604324656.7199564
468,0.6829004329004329,1.0,0.0,1604324677.3433151
469,1.0000000000000002,0.45989124423429395,0.0,1604324738.7944562
470,0.005829358770535241,0.0016518946841131454,0.36781196668744087,1604324711.4361053
471,0.2872284048754637,0.09251913215447026,0.010357391089200974,1604324737.6783714
472,0.0784313725490196,0.027656568054875912,0.06789948046207428,1604324735.4503713
473,0.04504504504504505,0.005437788285301468,0.37530767917633057,1604324723.0464146
474,0.0,4.343281378036318e-06,0.04597596079111099,1604324681.1830752
475,0.0,4.343281378036318e-06,1.0,1604324731.2843795
476,0.0,0.0,0.692183043807745,1604324715.1191359
477,0.0,0.0,0.8277241624891758,1604324722.2371817
478,0.25437201907790147,1.0000000000000002,0.06884576380252838,1604324738.0731587
479,0.9999999999999999,0.26738029953429104,0.0,1604324798.8157175
480,0.27111350188273264,0.07101923788723913,0.06007104367017746,1604324798.8171997
481,0.0026896180742334583,0.00038578897067083085,0.8480429649353027,1604324769.6264043
482,0.7374932759548143,0.0740245247613909,0.0852765291929245,1604324798.8319569
483,0.004303388918773534,0.0006555650289203618,0.2311888486146927,1604324793.3426335
484,0.0,3.682949600676185e-06,0.712969072163105,1604324761.218254
485,0.0026896180742334583,0.00038578897067083085,0.4721066728234291,1604324757.8431962
486,0.0,0.0,1.0,1604324770.234364
487,0.41258741258741255,0.9999999999999999,0.040690258145332336,1604324798.8163538
488,0.9999999999999999,0.9999999999999999,0.0,1604324858.895051
489,0.034729878721058434,0.30936337224119476,0.06451733410358429,1604324807.4512258
490,0.09426681367144434,0.15411250998182036,0.00039793550968170166,1604324856.8278246
491,0.0,0.0,0.7206031307578087,1604324828.7196496
492,0.9040793825799338,0.3039536503729378,0.0006099268794059753,1604324857.483857
493,0.0011025358324145535,0.0006728171670319588,0.1576627716422081,1604324805.4433794
494,0.0,0.00010194199500484225,0.3024197965860367,1604324811.3755856
495,0.0005512679162072767,0.0002378646550112986,0.4364756718277931,1604324819.9627693
496,0.002756339581036384,0.0015121395925718267,0.9039148837327957,1604324840.5063276
497,0.0,8.834972900419663e-05,0.17096110433340073,1604324805.9233646
498,0.0,9.174779550435801e-05,1.0,1604324840.307575
499,0.12017640573318633,0.7904106563365445,2.6091933250427246e-05,1604324856.9136627
500,1.0,0.9999999999999999,0.0,1604324918.9408336
501,0.08660998937300743,0.5826955624633352,0.2034911960363388,1604324918.9569263
502,0.03506907545164718,0.022858607040990405,0.11670926958322525,1604324915.2538545
503,0.043570669500531345,0.012268801035717418,0.7991604804992676,1604324898.6566932
504,0.04835281615302869,0.046900602145607304,0.08503817021846771,1604324917.6156583
505,0.0031880977683315624,0.0016452802707969494,1.0,1604324907.6068282
506,0.0005313496280552603,0.00013148756262516606,0.9571613073348999,1604324918.636081
507,0.0,1.0114427894243562e-05,0.6459380239248276,1604324886.3685799
508,0.0,0.0,0.05918317288160324,1604324861.4276443
509,0.0026567481402763014,0.0006372089573373432,0.27770933508872986,1604324870.887727
510,0.04835281615302869,0.3188775682218162,0.0005902573466300964,1604324918.8856964
511,1.0000000000000002,0.5500151181534706,0.0,1604324979.0005486
512,0.23106267029972752,1.0,0.00015486031770706177,1604324979.02075
513,0.14822888283378746,0.06964367532513305,0.006626259535551071,1604324978.6575313
514,0.0010899182561307902,0.00014839905247205,0.03616524115204811,1604324962.8097045
515,0.051771117166212535,0.019573835021063392,0.03475381061434746,1604324974.8014784
516,0.0,4.637470389751562e-05,0.4080917239189148,1604324938.6135545
517,0.0,0.0,0.9491739943623543,1604324964.6601236
518,0.0032697547683923703,0.0009553189002888218,0.4070536457002163,1604324942.7552662
519,0.0,5.564964467701874e-05,1.0,1604324967.1067812
520,0.0,4.8229692053416244e-05,0.7503385059535503,1604324955.088599
521,0.0,5.008468020931688e-05,0.9666977263987064,1604324965.5036795
522,0.01907356948228883,0.031692472643562175,0.2692665047943592,1604324977.168972
523,1.0,1.0,0.0,1604325039.079385
524,0.07794273594909863,0.6855479587958931,0.0011577755212783813,1604325014.1286407
525,0.03923647932131495,0.028088206114700236,0.2050306648015976,1604325037.187087
526,0.008483563096500531,0.003951585510628924,0.6079962700605392,1604325022.5098944
527,0.053022269353128315,0.045414647434496164,0.035234227776527405,1604325034.2178612
528,0.0,0.0,1.0,1604325001.7821963
529,0.0,9.080239045700507e-05,0.9923303723335266,1604325001.6077137
530,0.01855779427359491,0.059694164096734816,0.5346903204917908,1604325037.3228178
531,0.9999999999999999,0.1568875063309279,0.0,1604325099.1111848
532,0.07700258397932816,0.09383172329020974,0.21477387100458145,1604325099.1279414
533,0.044444444444444446,0.021263122933556686,0.02138691022992134,1604325098.1698523
534,0.06821705426356588,0.008251029115284192,0.022096406668424606,1604325092.8668444
535,0.0,0.0,0.7309019044041634,1604325076.8159783
536,0.0,2.5866916782507317e-06,0.3038569390773773,1604325054.7859325
537,0.0,2.5866916782507317e-06,0.5777232944965363,1604325068.9139256
538,0.0,5.173383356501477e-07,0.5563214235007763,1604325067.8098636
539,0.0,2.5866916782507317e-06,0.06681804731488228,1604325042.5577645
540,0.0,1.0346766713002954e-06,1.0,1604325090.6979904
541,0.751937984496124,1.0,0.024005521088838577,1604325099.1192276
542,1.0,0.21203794022425626,0.0,1604325159.296735
543,0.5051546391752578,0.9999999999999999,0.00035937875509262085,1604325158.5471
544,0.02224633749321758,0.004312056362796972,0.0686136931180954,1604325158.649322
545,0.0,2.201901121428244e-06,1.0,1604325143.7051177
546,0.04395008138903961,0.007062964830501321,0.0619640052318573,1604325158.5342946
547,0.0,2.935868161904323e-06,0.36175962537527084,1604325115.2669706
548,0.0,0.0,0.1373927742242813,1604325105.2698321
549,0.0,7.339670404760858e-07,0.9569970443844795,1604325141.7890303
550,0.22300596852957136,0.41214818207373577,0.00012589246034622192,1604325159.2677999
551,1.0,0.21320610759339162,0.0005109608173370361,1604325219.3518727
552,0.500793231094659,1.0000000000000002,0.004596862941980362,1604325218.3621998
553,0.030142781597038603,0.006146070093182118,0.006340067833662033,1604325216.6014538
554,0.0449497620306716,0.010543199206563776,0.004481524229049683,1604325213.4887736
555,0.0,0.0,0.933455515652895,1604325213.9990962
556,0.0,3.6436270412509592e-06,0.7452083006501198,1604325202.9690473
557,0.0,3.6436270412509592e-06,0.679320078343153,1604325199.1084309
558,0.0,7.287254082501959e-07,1.0,1604325217.8981655
559,0.0,3.6436270412509592e-06,0.6561033166944981,1604325197.7480812
560,0.0,1.457450816500385e-06,0.9831720180809498,1604325216.9121563
561,0.0026441036488630354,0.00013918655297578665,0.032428089529275894,1604325161.3941796
562,0.37546271813855103,0.7019964890009831,0.0,1604325218.1762898
563,1.0,1.0,0.0,1604325279.5399592
564,0.008726899383983572,0.003380184921717769,0.0003115534782409668,1604325260.0602756
565,0.021560574948665298,0.018981536995686457,0.052336230874061584,1604325272.9773326
566,0.001026694045174538,0.00017500478022316348,0.5195706784725189,1604325272.909779
567,0.1540041067761807,0.16191507082832354,0.003304503858089447,1604325279.5486999
568,0.0,1.2963317053567676e-05,1.0,1604325262.4611855
569,0.0,0.0,0.8373806998133659,1604325255.4551454
570,0.007700205338809035,0.02803317312834008,0.2281194105744362,1604325264.6985042
571,0.9999999999999999,0.22274198119524494,0.0,1604325338.8261466
572,0.2135922330097087,0.40137391813484735,0.33305468782782555,1604325339.6304
573,0.022653721682847898,0.0045898489203927886,0.008867122232913971,1604325337.539838
574,0.003775620280474649,0.00021956529186611815,0.10829165950417519,1604325335.1943216
575,0.46278317152103554,0.04538694878989937,0.00023351982235908508,1604325337.4381588
576,0.0,2.3358009772991324e-06,1.0,1604325329.3035107
577,0.0,0.0,0.028283901512622833,1604325280.9752858
578,0.4978425026968716,1.0000000000000002,0.08354488015174866,1604325339.2583919
579,0.9999999999999999,0.3487123304753093,0.007172085344791412,1604325399.6949134
580,0.3464981569246972,0.9999999999999999,0.0,1604325399.0033185
581,0.027909426013691414,0.014531721617104946,0.06714754551649094,1604325397.3905535
582,0.0010531858873091102,6.123541901170487e-05,0.020044490694999695,1604325393.383782
583,0.06898367561874671,0.016976684892554106,0.13418412953615189,1604325396.992091
584,0.0,0.0,0.40483228117227554,1604325351.1684258
585,0.0,5.566856273791354e-06,0.36945004016160965,1604325350.1623592
586,0.0,1.1133712547582735e-06,1.0,1604325368.0915592
587,0.0,5.566856273791354e-06,0.4643043354153633,1604325352.8594675
588,0.0,2.2267425095165335e-06,0.08591673523187637,1604325342.1003091
589,0.12374934175882042,0.3046072415893152,0.022201314568519592,1604325399.6805315
590,1.0,0.5307059906018048,0.00015095993876457214,1604325459.7581851
591,0.2242744063324538,1.0,0.005292199552059174,1604325458.8566124
592,0.018469656992084433,0.009545976738498997,0.04534217715263367,1604325458.7116084
593,0.0,5.277908259398623e-06,0.41409773379564285,1604325424.4478521
594,0.48126649076517153,0.10859120313437379,0.03877924755215645,1604325459.7496798
595,0.0,7.037211012531498e-06,1.0,1604325459.442565
596,0.0,7.037211012531498e-06,0.18307581171393394,1604325410.6493974
597,0.0,0.0,0.08232007175683975,1604325404.6314685
598,0.0,1.7593027531328744e-06,0.35927383601665497,1604325421.1733358
599,0.002638522427440633,0.0003342675230952469,0.8702591955661774,1604325451.840586
600,0.08601583113456464,0.27089216001914124,0.0,1604325453.9247243
601,0.9768083931529542,1.0,0.0001392662525177002,1604325519.801404
602,0.08393152954168968,0.7938401631744855,0.054327577352523804,1604325512.1192446
603,0.017117614577581448,0.017044316706842203,0.10394975543022156,1604325512.8034089
604,1.0,0.34997218616725384,0.0,1604325519.8171494
605,0.0,0.0,0.4977712370455265,1604325488.3695824
606,0.0,1.8542555164101593e-05,0.671700619161129,1604325498.3586555
607,0.0,3.7085110328203077e-06,1.0,1604325517.2134712
608,0.0,1.8542555164101593e-05,0.8575064316391945,1604325509.0298128
609,0.0,7.4170220656406426e-06,0.1290878877043724,1604325467.1954439
610,0.01601325234676974,0.06698683478583349,0.35236112400889397,1604325508.9718924
611,1.0,0.6130269053749924,0.0,1604325579.8784194
612,0.18663101604278073,1.0,0.13256261497735977,1604325577.7778132
613,0.019251336898395723,0.012380122057541415,0.1259452849626541,1604325574.178634
614,0.0,6.082601731513982e-06,1.0,1604325567.5599122
615,0.5882352941176471,0.14370146590701732,0.00024315714836120605,1604325577.9999857
616,0.0,8.110135642018615e-06,0.8167704492807388,1604325558.8136978
617,0.0,0.0,0.7331193014979362,1604325554.8207235
618,0.0,2.0275339105046606e-06,0.8704231828451157,1604325561.3747385
619,0.012834224598930482,0.026510005879848343,0.17180916666984558,1604325579.8129067
620,1.0,0.9999999999999999,0.0,1604325639.657613
621,0.09135135135135136,0.8325924476760825,0.04177442938089371,1604325632.6081927
622,0.016216216216216214,0.021683132805112654,0.028708510100841522,1604325635.20574
623,0.04810810810810811,0.035185728622097595,0.002701275050640106,1604325640.0396948
624,0.0,0.0,1.0,1604325625.52981
625,0.0,1.8114563746961286e-05,0.21198569238185883,1604325589.582731
626,0.0,7.245825498784498e-06,0.2717650756239891,1604325592.3097045
627,0.05243243243243243,0.3612442531546513,0.0202249214053154,1604325638.0661652
628,1.0,1.0,0.022050701081752777,1604325700.0736773
629,0.07037037037037037,0.5974420189850679,0.31439103931188583,1604325693.628968
630,0.026984126984126985,0.04985007370396859,0.18993275612592697,1604325700.0659707
631,0.06243386243386244,0.04747610077464717,0.0,1604325700.0970442
632,0.0,1.3431247124873652e-05,0.23555435985326767,1604325646.5009003
633,0.0,0.0,1.0,1604325667.3398435
634,0.0,1.3431247124873652e-05,0.8854028284549713,1604325664.2159014
635,0.0126984126984127,0.05310043550818802,0.6617475301027298,1604325680.864399
636,1.0,1.0,0.0,1604325760.1553223
637,0.059217301750772396,0.5087842285413376,0.3858588635921478,1604325739.6806715
638,0.01956745623069001,0.02316350710900474,0.09276796132326126,1604325758.3510706
639,0.0,9.87361769352291e-06,0.24639300256967545,1604325710.689053
640,0.07260556127703398,0.06167061611374408,0.0004036650061607361,1604325757.8644164
641,0.0025746652935118436,0.001379015271195366,0.4066155329346657,1604325721.7887237
642,0.0,1.3164823591363888e-05,0.4582003727555275,1604325719.779025
643,0.0,1.3164823591363888e-05,0.13621944934129715,1604325705.9608207
644,0.0,0.0,0.09080951660871506,1604325704.0119977
645,0.0,3.291205897840979e-06,0.40414226800203323,1604325717.4590554
646,0.0,3.291205897840979e-06,0.008927308022975922,1604325700.497923
647,0.0025746652935118436,0.0006253291205897841,1.0,1604325743.1702402
648,0.01184346035015448,0.05097090573986309,0.4146604984998703,1604325738.7574177
649,0.9999999999999999,0.12847348688206123,0.0,1604325820.1827936
650,0.01870657402458578,0.00220647205377626,0.0876111127436161,1604325818.6472027
651,0.043292357028327094,0.003980017554885442,0.02874951809644699,1604325819.5716262
652,0.0005344735435595938,1.7176129759934957e-05,0.04608845338225365,1604325780.9732015
653,0.0,1.7616543343523015e-06,0.565667349845171,1604325793.6861079
654,0.0,0.0,0.9503159001469612,1604325816.45952
655,0.0,1.7616543343523015e-06,1.0,1604325819.4011054
656,0.8343132014965259,1.0,0.0440407432615757,1604325820.207364
657,0.9999999999999999,0.20822040785539822,0.0,1604325880.2646801
658,0.017534246575342465,0.028101158550698703,0.017042748630046844,1604325825.8635216
659,0.016438356164383564,0.003473359693498377,0.13197142630815506,1604325879.6663878
660,0.0,2.2184541367884078e-06,0.9924349337816238,1604325853.8042066
661,0.04328767123287671,0.008640139378078568,0.10020176321268082,1604325878.32543
662,0.0,2.957938849051208e-06,0.8792184367775917,1604325849.9723454
663,0.0,2.957938849051208e-06,1.0,1604325854.0602496
664,0.0,0.0,0.9745596200227737,1604325853.1992087
665,0.0,7.394847122628003e-07,0.6926017478108406,1604325843.6562226
666,0.0,7.394847122628003e-07,0.5753624439239502,1604325839.6882079
667,0.5041095890410959,1.0,0.0006384924054145813,1604325877.7676609
668,1.0,1.0,0.0,1604325940.327594
669,0.012428793371310202,0.046847381611924546,0.9411281794309616,1604325931.7815351
670,0.023303987571206625,0.020459042342698856,0.3224714994430542,1604325936.2366085
671,0.07250129466597617,0.17589368157235194,0.35618598759174347,1604325937.0748117
672,0.0,0.0,1.0,1604325900.1351283
673,0.08855515277058518,0.7294552169898432,0.02518564462661743,1604325933.2196772
674,1.0000000000000002,0.13369084251640523,0.0,1604326000.3670409
675,0.009404388714733543,0.0032878050695354633,0.12957527860999107,1604325996.3985844
676,0.01671891327063741,0.0022719788547638934,0.03306402638554573,1604325997.2995224
677,0.0,1.308492333325338e-06,1.0,1604325997.9605503
678,0.07680250783699061,0.009084862270277815,0.06514812633395195,1604326000.1458259
679,0.0,1.744656444433783e-06,0.02513209357857704,1604325941.8105588
680,0.0,1.744656444433783e-06,0.6890135183930397,1604325980.0484946
681,0.0,0.0,0.43882832303643227,1604325965.6384432
682,0.0,1.744656444433783e-06,0.6099301241338253,1604325975.493486
683,0.0,4.3616411110844827e-07,0.49358512461185455,1604325968.7923002
684,0.0,4.3616411110844827e-07,0.685850977897644,1604325979.8663402
685,0.8343782654127483,1.0,0.1371043436229229,1604326000.3887432
686,0.9837078651685395,0.09723736222596592,0.0,1604326060.4382882
687,1.0000000000000002,1.0,0.0007702112197875977,1604326060.4307413
688,0.020224719101123598,0.0018805878004412718,0.10654023289680481,1604326057.6586323
689,0.35730337078651686,0.01618604036600271,0.021131888031959534,1604326060.4545538
690,0.0,0.0,1.0,1604326037.2855306
691,0.0,1.898433071311601e-06,0.02043207734823227,1604326001.1625736
692,0.0,3.796866142623209e-07,0.05310334265232086,1604326002.367373
693,0.0028089887640449437,7.252014332410315e-05,0.9493431076407433,1604326035.608443
694,0.22471910112359553,0.2079479039590303,0.000575527548789978,1604326056.7935245
695,0.9982954545454544,0.29729226434790995,0.00012927129864692688,1604326120.5404925
696,0.3522727272727273,0.9999999999999999,0.0,1604326096.9839137
697,0.020454545454545454,0.005423358231926065,0.054222285747528076,1604326116.9445624
698,0.9999999999999999,0.10023627921038708,0.00040083378553390503,1604326120.5208027
699,0.0,4.3816265254906515e-06,0.47887902706861496,1604326088.9916186
700,0.0,4.3816265254906515e-06,0.8338473662734032,1604326110.1357124
701,0.0,0.0,0.9116600528359413,1604326114.7707138
702,0.0,1.0954066313726595e-06,0.5797249861061573,1604326094.9986231
703,0.0,1.0954066313726595e-06,1.0,1604326120.0327835
704,0.13522727272727272,0.3213254858402262,0.03954170644283295,1604326120.5179007
705,1.0,0.9999999999999999,0.00045057013630867004,1604326180.5845466
706,0.01363398007341374,0.008003853707340572,0.15369484573602676,1604326176.8717227
707,0.0,1.3474501190809042e-05,0.37594975531101227,1604326141.1635764
708,0.5301520713162035,0.21370222026093372,0.00014553964138031006,1604326172.351686
709,0.0,0.0,1.0,1604326175.3809202
710,0.0,1.6843126488511317e-05,0.5070823654532433,1604326148.353718
711,0.0,1.6843126488511317e-05,0.18476204201579094,1604326130.6805491
712,0.0,3.368625297702274e-06,0.5655188672244549,1604326151.557854
713,0.0996329313057158,0.784977278622367,0.0,1604326180.6066153
714,1.0,1.0,0.0,1604326240.6516643
715,0.0,2.870474617030843e-05,0.9303236529231071,1604326236.1488764
716,0.01605136436597111,0.010222079052870954,0.08875196799635887,1604326239.9490166
717,0.0016051364365971105,0.0002966157104265207,0.5461186990141869,1604326232.3510404
718,0.059925093632958795,0.043458985701846996,0.012994624674320221,1604326236.246722
719,0.0,9.568248723436135e-06,0.9300410449504852,1604326236.1320076
720,0.0,9.568248723436135e-06,1.0,1604326240.3078024
721,0.0,0.0,0.6797756180167198,1604326221.1938622
722,0.063135366506153,0.3911627654790344,0.06735299900174141,1604326240.6910355
723,0.9999999999999999,0.36938240787927656,0.0,1604326300.7402499
724,0.005364806866952789,0.0007437677664611593,0.47492096573114395,1604326277.52509
725,0.016094420600858368,0.004840847471454469,0.10471726581454277,1604326299.0142443
726,0.001072961373390558,8.793835415423964e-05,0.061632029712200165,1604326281.5680568
727,0.04935622317596567,0.013588064964194256,0.04303125664591789,1604326298.3481228
728,0.0,4.237992971288656e-06,0.9306148737668991,1604326296.550886
729,0.0,0.0,0.3872886151075363,1604326263.9429324
730,0.0,4.237992971288656e-06,0.7687581852078438,1604326286.836989
731,0.0,0.0,1.0,1604326300.7150633
732,0.3406652360515022,1.0,0.30845917761325836,1604326300.7287831
733,0.03379828326180258,0.07344441819243241,0.00045595690608024597,1604326286.7927916
734,0.9999999999999999,0.12553621055012448,0.00016341358423233032,1604326360.776278
735,0.0075187969924812035,0.005803996017701576,0.062033526599407196,1604326338.1634269
736,0.018796992481203006,0.001256611672138928,0.02812616527080536,1604326356.2551682
737,0.08646616541353384,0.008343916334653968,0.013757854700088501,1604326358.6293564
738,0.0,0.0,0.25889217108488083,1604326312.5590909
739,0.0,7.415825742926689e-07,1.0,1604326346.333281
740,0.9650912996777657,1.0,0.0,1604326360.791406
741,0.002685284640171858,7.082113584494992e-05,0.5727423429489136,1604326327.011123
742,0.018796992481203006,0.008905665134680664,0.1333048790693283,1604326355.0962014
743,1.0,0.10975932964380608,0.0,1604326420.8290405
744,0.039766702014846236,0.014096651877201903,0.29618188366293907,1604326407.8706768
745,0.016967126193001062,0.0022225258255709176,0.028444543480873108,1604326415.3154426
746,0.0042417815482502655,0.00010974514489718671,0.7624812684953213,1604326416.0256422
747,0.06044538706256628,0.00436815539315265,0.035533417016267776,1604326417.469167
748,0.0,1.4931312230909777e-06,0.44939280673861504,1604326384.3251784
749,0.0,1.4931312230909777e-06,0.1852230243384838,1604326370.4988914
750,0.0,0.0,1.0,1604326413.14321
751,0.8812301166489926,0.9278974398025484,0.12569457665085793,1604326420.8366022
752,0.9464475079533404,1.0,0.000367727130651474,1604326420.8049474
753,0.02014846235418876,0.010282074885010232,0.1593073531985283,1604326416.5165522
754,1.0,0.10698834609779273,0.00043680518865585327,1604326480.8714073
755,0.08195902048975512,0.04869972745606554,0.6354844346642494,1604326468.9550672
756,0.013493253373313344,0.0008723490368898378,0.18359602242708206,1604326479.12517
757,0.0,1.3896440253123647e-06,0.0071550533175468445,1604326421.063148
758,0.0464767616191904,0.00532615813801597,0.021693967282772064,1604326478.3345745
759,0.0,0.0,0.9966349750757217,1604326450.7422085
760,0.0,1.7370550316404593e-06,0.7629727125167847,1604326443.7336009
761,0.2653673163418291,0.2742139391718069,0.7023509293794632,1604326480.8646517
762,0.4992503748125937,0.5186022960393408,1.0,1604326480.8797407
763,0.9585207396301849,1.0,0.0005453228950500488,1604326480.8804111
764,0.9325337331334332,0.9729019415064089,0.0,1604326480.899929
765,0.03698150924537731,0.02771818713988678,0.12352108955383301,1604326480.115127
766,1.0,0.10941084043503091,2.3245811462402344e-06,1604326540.6044676
767,0.007841328413284132,0.0002751283353789167,0.04119839891791344,1604326483.495031
768,0.012453874538745387,0.000887225778767791,0.005220718681812286,1604326537.0969179
769,0.04566420664206642,0.010319521175731913,0.10782360658049583,1604326532.364451
770,0.0,0.0,1.0,1604326531.4963348
771,0.0,0.0,0.39128102362155914,1604326500.6974154
772,0.9423431734317343,0.9673442858810575,1.4122575521469116e-05,1604326540.9229703
773,0.9561808118081181,0.9815424224545107,0.0,1604326540.950999
774,0.974169741697417,1.0,0.0003033764660358429,1604326540.9567242
775,0.9524907749077491,0.9777562527015898,0.00010316818952560425,1604326540.9389918
776,0.7702952029520296,0.7825833036224179,0.18243564665317535,1604326540.930454
777,1.0,0.10756831370693774,0.013415578752756119,1604326600.9834034
778,0.01948955916473318,0.01375626957906089,0.19042039662599564,1604326576.8906925
779,0.01531322505800464,0.0014983185156251216,0.0623989999294281,1604326600.1577015
780,0.0,1.2449676074990623e-06,0.4773457758128643,1604326565.2694998
781,0.08074245939675173,0.007778868853556016,0.008576016873121262,1604326600.9780636
782,0.0,0.0,0.9220558255910873,1604326587.9169865
783,0.0,1.5562095093738254e-06,1.0,1604326591.8864036
784,0.6464037122969838,0.6485543591762671,0.4178639203310013,1604326600.9815273
785,0.9605568445475638,0.9668527374503374,0.0,1604326600.9732826
786,0.9791183294663574,0.9855272515628234,0.0003018416464328766,1604326600.9950643
787,0.9935034802784223,1.0,0.0005541406571865082,1604326600.9861848
788,0.9921113689095128,0.9985994114415635,0.00021556392312049866,1604326600.979315
789,0.608816705336427,0.6052534520617441,0.0001472681760787964,1604326597.1017237
790,0.9558605341246291,0.10157980733815687,0.00016390904784202576,1604326661.0211027
791,0.11498516320474778,0.08820323179488954,0.3754369840025902,1604326655.524957
792,0.03820474777448071,0.00575909112257535,0.08881643787026405,1604326658.3934062
793,0.000370919881305638,2.4719251105568486e-06,1.0,1604326660.4295533
794,0.6042284866468842,0.02366719977851551,0.0,1604326661.0216708
795,0.0,0.0,0.5114106871187687,1604326630.8685718
796,0.8505192878338279,0.8487928353722595,0.15311791747808456,1604326661.0043058
797,0.9658753709198813,0.9658874334743154,0.0004004053771495819,1604326661.031245
798,0.966246290801187,0.966258222240899,0.0002570897340774536,1604326661.0390408
799,0.9673590504451038,0.9673705885406495,0.0006875656545162201,1604326661.018313
800,0.9603115727002968,0.9603256019755625,0.0005662553012371063,1604326661.0220456
801,1.0000000000000002,0.9999999999999999,0.0004123598337173462,1604326661.0306535
802,0.00185459940652819,4.5977807056357416e-05,0.2959040328860283,1604326618.377511
803,0.5867952522255193,0.5581045772637272,0.17346204444766045,1604326661.0233333
804,0.9481683554169914,0.10063274353048157,1.1198222637176514e-05,1604326721.0798655
805,0.012470771628994544,0.0005711871505987734,0.09034609794616699,1604326668.5774431
806,0.009742790335151987,0.0006080379345083717,0.13809677213430405,1604326715.3078494
807,0.0,0.0,0.9886113330721855,1604326718.6581395
808,0.032346063912704594,0.003026435506716445,0.0,1604326719.956267
809,0.470381917381138,0.46911644795812923,0.4772815853357315,1604326721.0874653
810,0.441153546375682,0.44029238761419204,1.0,1604326721.0739973
811,0.9945440374123149,0.9949221176847951,1.644343137741089e-05,1604326721.0587897
812,0.9844115354637568,0.9848011277377927,0.0008310824632644653,1604326721.0736976
813,0.990646921278254,0.9910294292436403,0.0008228793740272522,1604326721.0942204
814,0.9540140296180826,0.9544381578967857,0.0004130452871322632,1604326721.074156
815,0.9773967264224473,0.9774224070413026,2.08243727684021e-05,1604326721.0794866
816,0.9999999999999999,1.0000000000000002,0.00024765729904174805,1604326721.0791917
817,0.020654715510522215,0.009436395806484598,0.0006384775042533875,1604326720.591045
818,0.9036261864200535,0.0972227652934491,0.0003444552421569824,1604326781.143226
819,0.03699196884886834,0.019746069809304934,1.0,1604326775.0256958
820,0.007301046483329276,0.00041291440503414865,0.049170710146427155,1604326781.0569224
821,0.022633244098320758,0.0017496538089934218,0.11265590041875839,1604326777.9535892
822,0.0,0.0,0.15618356317281723,1604326725.0903704
823,0.9710391822827938,0.9712712166210623,0.001128360629081726,1604326781.1355982
824,0.9661718179605744,0.9664038562473788,0.0,1604326781.155074
825,0.9834509613044536,0.9836829855739552,0.00031573325395584106,1604326781.1095877
826,0.9724993915794597,0.9727314247331673,3.444403409957886e-05,1604326781.1423802
827,1.0,1.0,9.970366954803467e-05,1604326781.1353838
828,0.9571671939644683,0.9573992395560644,0.0008113831281661987,1604326781.1478374
829,0.9540034071550255,0.9542354553131701,0.0003222525119781494,1604326781.1264448
830,0.9917254806522268,0.9919574982092171,0.001097649335861206,1604326781.142828
831,0.5249452421513751,0.46601535976688596,0.5283572897315025,1604326781.1470406
832,0.811277330264672,0.08275949880905882,0.0006683766841888428,1604326841.203469
833,0.271288837744534,0.2629845139351607,0.5073544681072235,1604326819.75737
834,0.00863060989643268,0.0012636996530570044,0.38001613318920135,1604326835.7467477
835,0.0,0.0,1.0,1604326820.931594
836,0.03135788262370541,0.0025777558225918867,0.11853119730949402,1604326840.6935463
837,0.9971231300345225,0.9971279553339615,0.0010639280080795288,1604326841.1954122
838,0.992807825086306,0.9928198883349035,0.0012575238943099976,1604326841.193662
839,0.992807825086306,0.9928198883349035,0.0,1604326841.2015114
840,1.0,1.0000000000000002,0.00129660964012146,1604326841.201592
841,0.9968354430379747,0.9968407508673576,3.0055642127990723e-05,1604326841.2035942
842,0.9582853855005753,0.9580807848723665,0.0011493116617202759,1604326841.2115123
843,0.977560414269275,0.9775980516048987,0.0006313621997833252,1604326841.2007518
844,0.9919447640966628,0.9919582749350919,0.0018490254878997803,1604326841.201975
845,0.1001150747986191,0.0845790348398165,0.0023684799671173096,1604326835.1523573
846,0.9603713768115942,0.1022335292521846,3.905594348907471e-05,1604326901.273853
847,0.0020380434782608695,9.767510602730888e-05,0.6635391116142273,1604326891.0030951
848,0.010416666666666668,0.0008577897255752226,0.11959497630596161,1604326900.8527381
849,0.0,6.038646431363766e-07,0.30652253329753876,1604326847.9552398
850,0.6437952898550725,0.026291058832871552,0.29553066194057465,1604326898.291254
851,0.0,0.0,1.0,1604326863.1897862
852,0.9553894927536232,0.9553901033529433,0.000600665807723999,1604326901.2693934
853,0.9945652173913043,0.994781703686337,2.8520822525024414e-05,1604326901.269853
854,0.9918478260869565,0.991848431182302,0.0,1604326901.2696908
855,1.0,0.9999999999999999,3.567337989807129e-05,1604326901.246007
856,0.9823369565217391,0.9825534446628253,0.0007725656032562256,1604326901.24911
857,0.9689764492753623,0.9691929394334331,0.0011309832334518433,1604326901.271241
858,0.9875452898550725,0.987545442701473,8.821487426757812e-06,1604326901.2385592
859,0.9968297101449276,0.9968298615896948,2.530217170715332e-05,1604326901.268738
860,0.03102355072463768,0.02409510505810612,0.08987745642662048,1604326890.7146401
861,0.9420247204237787,0.09680560110339981,0.0010006651282310486,1604326961.3274083
862,0.0,0.0,1.0,1604326932.0777423
863,0.005885815185403178,0.0003485390779582083,0.44262851774692535,1604326956.338778
864,0.0264861683343143,0.001600298445166585,0.03452809154987335,1604326958.4198418
865,0.9999999999999999,1.0,0.00036291033029556274,1604326961.317306
866,0.9758681577398469,0.9755944189812382,0.0,1604326961.31155
867,0.9905826957033549,0.9905853259752426,0.0005463510751724243,1604326961.3143167
868,0.9661565626839317,0.966166015223528,7.897615432739258e-05,1604326961.3160236
869,0.9864626250735726,0.9864664060894113,0.0005491748452186584,1604326961.326209
870,0.9514420247204237,0.9514555870598445,0.000524662435054779,1604326961.3144438
871,0.9705709240729841,0.9705791436726331,0.00041231513023376465,1604326961.305595
872,0.9976456739258387,0.9976463314938108,0.0005716830492019653,1604326961.3335547
873,0.0014714537963507945,3.5305027592840456e-05,0.30431730300188065,1604326910.7553542
874,0.013537374926427308,0.005641939548378087,0.04803469777107239,1604326948.5113719
875,0.9631672247390191,0.10059497716337461,0.0011400654911994934,1604327021.3823667
876,0.00689383494189482,0.00044427342193332196,0.0661252960562706,1604327016.9854631
877,0.0,0.0,1.0,1604326992.1027215
878,0.01851487098680323,0.0016658940457777549,0.003961838781833649,1604327021.0441318
879,0.9966515658853653,0.9966521949588358,0.0001270100474357605,1604327021.3846493
880,1.0,1.0,0.0006194636225700378,1604327021.3873873
881,0.9602127240496355,0.960220198922637,0.00034978240728378296,1604327021.3858247
882,0.9877880638172148,0.9877903580851659,0.0009131953120231628,1604327021.3849077
883,0.9919243647823517,0.9917381423042956,0.0008569285273551941,1604327021.3862195
884,0.9942879653338585,0.994100773658052,0.0,1604327021.3855226
885,0.9700610596809138,0.9700666843378258,0.00035256892442703247,1604327021.38386
886,0.9828638960015756,0.9828671153775714,0.0012965872883796692,1604327021.3844106
887,0.9198345479613945,0.8783748992868651,0.07318170368671417,1604327021.384539
888,0.9560462670872765,0.09717382969053077,4.909932613372803e-05,1604327081.4311807
889,0.0014721345951629857,0.005031197241803398,1.0,1604327081.0065532
890,0.0,0.0,0.08918285369873047,1604327077.6301823
891,0.012828601472134594,0.0011124997613184864,0.03630414605140686,1604327081.4342718
892,0.9756046267087276,0.9759478722361901,6.911158561706543e-05,1604327081.4334538
893,0.9758149316508937,0.975957628560832,0.00017850100994110107,1604327081.4327946
894,0.9999999999999999,0.9999999999999999,0.00014357268810272217,1604327081.4350812
895,0.9932702418506834,0.9933093913126619,7.69495964050293e-05,1604327081.434721
896,0.9913774973711882,0.991627679696517,0.0001658797264099121,1604327081.430292
897,0.9859095688748685,0.9861920131102703,0.00012694299221038818,1604327081.433816
898,0.989695057833859,0.9897554409977208,1.4394521713256836e-05,1604327081.4336646
899,0.9863301787592008,0.9866101413092123,0.0,1604327081.4323707
900,0.9602523659305993,0.9478769749762816,2.397596836090088e-05,1604327081.435154
901,0.924777045366421,0.0892356141778021,4.760921001434326e-06,1604327141.4731352
902,0.000387747188832881,1.537778633535075e-05,0.0630088746547699,1604327112.098587
903,0.006203955021326095,0.0006086501986512777,0.0744158960878849,1604327138.2205143
904,0.0,5.169003810201921e-07,0.9626214429736137,1604327136.2865174
905,0.02132609538580845,0.0018996089002492104,0.00012555718421936035,1604327141.4666798
906,0.0,0.0,1.0,1604327138.416368
907,0.9827452500969367,0.9825636578972363,7.74487853050232e-06,1604327141.485058
908,0.9903063202791779,0.9903081178558714,1.977384090423584e-05,1604327141.4817371
909,0.9879798371461807,0.9879820661412805,6.194040179252625e-05,1604327141.4822297
910,1.0,0.9994339940827829,2.3838132619857788e-05,1604327141.4659193
911,0.9895308259015121,0.989532767284341,0.0,1604327141.4726465
912,0.9889492051182628,0.9889512543556933,2.7146190404891968e-05,1604327141.482918
913,1.0,0.9999999999999999,5.206465721130371e-05,1604327141.4665604
914,0.9792555253974408,0.9792593722115647,8.408352732658386e-05,1604327141.45787
915,0.94280728964715,0.9178065073881218,3.6891549825668335e-05,1604327141.4661741
916,0.9265776699029126,0.09503990979352285,0.0005464069545269012,1604327201.9465587
917,0.002224919093851133,0.0003791376510759159,0.09464778378605843,1604327177.4916742
918,0.00970873786407767,0.0015694817221980986,0.04711903631687164,1604327199.0458333
919,0.01779935275080906,0.0014174226074326604,0.0003618784248828888,1604327200.821401
920,0.9739077669902912,0.9739384953878544,0.00040321052074432373,1604327201.947378
921,0.9975728155339806,0.9975756739895678,0.0,1604327201.9409418
922,0.9702669902912622,0.9703020063722062,0.0003859326243400574,1604327201.9478133
923,0.9999999999999999,0.9999999999999999,0.0003509521484375,1604327201.9455523
924,0.9894822006472492,0.9893019880550763,0.000661756843328476,1604327201.947986
925,0.9955501618122977,0.9953622643420432,0.00040515512228012085,1604327201.9471993
926,0.9947411003236246,0.9947472936440637,0.00010741502046585083,1604327201.9487238
927,0.9941343042071197,0.9941412121414556,0.00021851062774658203,1604327201.948126
928,0.0,0.0,1.0,1604327200.979373
929,0.8252427184466019,0.8138997115590786,0.00011571496725082397,1604327201.9453404
930,0.8838481906443071,0.08966196871160281,5.0380825996398926e-05,1604327262.3554971
931,0.000176522506619594,1.3180305281760213e-05,0.49371834099292755,1604327237.533357
932,0.2082965578111209,0.022712254989010333,0.08364137262105942,1604327260.3498068
933,0.0,0.0,1.0,1604327227.3833535
934,0.28084730803177405,0.01086257213422211,0.15351398289203644,1604327262.3569686
935,0.9941747572815534,0.9941751288345421,0.0001058727502822876,1604327262.3551445
936,0.9802294792586054,0.9803981793761879,0.0,1604327262.3572454
937,0.9705207413945277,0.9705211881056688,4.589557647705078e-05,1604327262.3557882
938,0.963459841129744,0.9634598395509658,1.4550983905792236e-05,1604327262.3510807
939,0.98693733451015,0.9871060133142265,0.0001949593424797058,1604327262.354029
940,0.9985878199470432,0.9987564617329253,7.021427154541016e-05,1604327262.352912
941,0.9834068843777581,0.9834069371006411,0.00011601299047470093,1604327262.3561144
942,0.9999999999999999,0.9999999999999999,0.000306643545627594,1604327262.3553627
943,0.9602824360105913,0.9547850804122188,0.0001603439450263977,1604327262.3552246
944,0.8921274856987197,0.0890705863449732,1.0870397090911865e-05,1604327322.391772
945,0.007082538817760828,0.006320880693036501,1.0,1604327301.220983
946,0.03187142467992373,0.0024925856968174096,0.14700155705213547,1604327321.893538
947,0.0,7.262249826840733e-07,0.4995570480823517,1604327279.4926417
948,0.026423317897030785,0.0025517730329061615,6.484240293502808e-05,1604327318.5879064
949,0.0,0.0,0.38501621782779694,1604327275.5638885
950,0.9836556796513212,0.9836599378896083,7.130205631256104e-05,1604327322.4038897
951,0.9874693543993462,0.9874726190486997,6.935000419616699e-05,1604327322.3953195
952,0.9776627621901389,0.9776685817824646,1.990795135498047e-05,1604327322.413498
953,0.9852901116861891,0.9852939441006474,0.0,1604327322.39625
954,0.9572323617542904,0.9572435041444751,6.155669689178467e-05,1604327322.4120278
955,0.9703078180332335,0.9703155538327884,9.769201278686523e-05,1604327322.4046128
956,0.9618632525197495,0.9618731884090861,0.00011309981346130371,1604327322.4042273
957,1.0,1.0,0.00010339915752410889,1604327322.3932736
958,0.42222827567420324,0.41417173586834266,9.030848741531372e-05,1604327317.478255
959,0.9185506348714773,0.09330734972084673,0.0,1604327382.4495995
960,0.18612573552183337,0.0260575930346492,0.08820588886737823,1604327379.838408
961,0.0257045524930319,0.0,0.06858959794044495,1604327380.3810518
962,1.0,1.0,0.0004913061857223511,1604327382.4807537
963,0.9882316506658407,0.9882864132257492,0.0011647939682006836,1604327382.4717896
964,0.9792505419634562,0.9793470970032947,0.0016048550605773926,1604327382.4635007
965,0.995044905543512,0.9950679634634734,0.001179128885269165,1604327382.4629672
966,0.9910188912976153,0.9907668166005774,0.001634746789932251,1604327382.4721808
967,0.9718179002787241,0.9716543530154472,0.0012253224849700928,1604327382.4616523
968,0.9780117683493341,0.9778196041876279,0.0005369037389755249,1604327382.463621
969,0.9888510374729018,0.988902917792815,0.000555872917175293,1604327382.464107
970,0.0,0.0005110822860975757,1.0,1604327378.1666296
971,0.8256355173648408,0.08563896817770998,0.0002473369240760803,1604327442.521027
972,0.7264590046544934,0.70657957911689,0.6920333430171013,1604327442.5211408
973,0.050304332259219486,0.008259218491560033,0.059780389070510864,1604327440.806404
974,0.0,4.773838790567033e-07,1.0,1604327422.597341
975,0.025062656641604012,0.0019023747580409647,0.12443104386329651,1604327437.7239974
976,0.0,0.0,0.77833241969347,1604327413.7063208
977,0.9928392409595418,0.9928397191980285,0.000607810914516449,1604327442.5239496
978,0.968671679197995,0.968672160320783,0.0006045028567314148,1604327442.5215604
979,0.9804869316147512,0.9804874113274363,0.0,1604327442.5231628
980,1.0000000000000002,1.0000000000000002,0.00041013211011886597,1604327442.5192847
981,0.9965986394557824,0.9967697819823629,0.00023268908262252808,1604327442.5228162
982,0.9752953813104189,0.9754665263794574,3.822147846221924e-05,1604327442.5201905
983,0.9951664876476907,0.9953376303451927,3.4302473068237305e-05,1604327442.5191712
984,0.9896168993913356,0.9897880427511586,1.6629695892333984e-05,1604327442.522701
985,0.8066595059076263,0.7626761233230549,0.09242856502532959,1604327442.5250504
986,0.9788336933045356,0.10496877653246942,4.157423973083496e-06,1604327502.5917268
987,0.004103671706263499,0.0025988877358729344,1.1526048183441162e-05,1604327469.023764
988,0.039092872570194385,0.003978144723187969,0.14587948843836784,1604327502.5902889
989,0.36868250539956804,0.01481158926759455,0.02415977418422699,1604327502.5915768
990,0.6248380129589632,0.6244845941984635,0.5179344639182091,1604327502.592387
991,0.9999999999999999,1.0,0.00010992959141731262,1604327502.5896556
992,0.9812095032397408,0.9812331313893637,6.140395998954773e-05,1604327502.5937157
993,0.9617710583153347,0.9618191293783608,5.881860852241516e-05,1604327502.594128
994,0.9820734341252699,0.9820959759231861,3.2100826501846313e-05,1604327502.5898092
995,0.9952483801295896,0.9952543550639771,3.5140663385391235e-05,1604327502.5867648
996,0.9829373650107991,0.9829588204570086,4.051998257637024e-05,1604327502.5879014
997,0.9989200863930886,0.9989214443327221,2.2504478693008423e-05,1604327502.5920148
998,0.9781857451403887,0.9782131755209855,0.0,1604327502.5932415
999,0.0,0.0,1.0,1604327493.3609302
1000,0.25442764578833693,0.23695048307789301,4.903972148895264e-05,1604327502.4592175
1001,0.9519878340212904,0.09658610660622659,0.0,1604327562.6095514
1002,0.043232674342819896,0.046207672741309026,1.0,1604327562.6480503
1003,0.018900716923745384,0.006497355275380802,0.0004888474941253662,1604327560.7484684
1004,0.0,0.0,0.0002596825361251831,1604327561.1626275
1005,0.9965240060829892,0.9966066083474606,0.0003077387809753418,1604327562.6494255
1006,0.9728437975233544,0.9734891277145366,0.0001192241907119751,1604327562.6489713
1007,0.9663263089289593,0.9669243287800615,0.00012683868408203125,1604327562.6493123
1008,1.0,0.9999999999999999,0.00037109851837158203,1604327562.6482096
1009,0.9850097762328915,0.9853659984984241,0.00039859116077423096,1604327562.652457
1010,0.9956550076037367,0.995556070848362,0.00023183226585388184,1604327562.6114106
1011,0.984358027373452,0.9845269824123337,0.00031432509422302246,1604327562.6252265
1012,0.9921790136867259,0.9923648687817864,3.4049153327941895e-05,1604327562.6476421
1013,0.9821855311753205,0.9824095060211492,9.623169898986816e-05,1604327562.6177318
1014,0.06995437757983923,0.07387003592753412,0.10891202092170715,1604327558.1591733
1015,0.7436054839369756,0.07713210870580334,0.00033035874366760254,1604327622.4683475
1016,0.032535297728667895,0.031051765766077925,0.0,1604327603.4687479
1017,0.028238182934315532,0.005681739897450393,0.00950351357460022,1604327622.311772
1018,0.0,0.0,0.3473586440086365,1604327566.6509688
1019,0.03662778800900348,0.00562881036371184,0.13178125023841858,1604327619.9215176
1020,0.9695109474114999,0.9695102694890841,0.001365751028060913,1604327622.6988885
1021,0.992633517495396,0.9926335185003045,0.0012859106063842773,1604327622.7005646
1022,0.9930427665234295,0.9932378428159276,2.8908252716064453e-05,1604327622.7017384
1023,1.0,1.0,0.0014740526676177979,1604327622.7029927
1024,0.9594843462246777,0.9594838060863781,0.0027049481868743896,1604327622.697126
1025,0.9758543073460201,0.9760493859833046,0.00028693675994873047,1604327622.7081873
1026,0.9709433190096173,0.9711383983168409,0.0013011693954467773,1604327622.6996984
1027,0.9766728054020871,0.9758788655782191,0.0013809502124786377,1604327622.7047415
1028,0.9766728054020871,0.9756805162430235,0.0008536279201507568,1604327622.6991582
1029,0.006547984448536935,0.003123115323222792,1.0,1604327614.6915195
1030,0.13395872420262664,0.010704533178626442,0.013605248183012009,1604327682.7495556
1031,0.008255159474671668,0.004843259247404325,1.0,1604327681.2273312
1032,0.028142589118198877,0.0018319763138415985,0.02795087918639183,1604327682.6655676
1033,0.250656660412758,0.24913027387120648,0.8122883178293705,1604327682.7521946
1034,0.05666041275797373,0.002365364994898674,0.10902221873402596,1604327680.986632
1035,0.9699812382739211,0.9699921979714724,0.00026379525661468506,1604327682.7534637
1036,0.9999999999999999,0.9999999999999999,0.00013803690671920776,1604327682.7541509
1037,0.9808630393996247,0.9808700262068136,0.00014985352754592896,1604327682.7469218
1038,0.9823639774859286,0.98237041630824,0.00014346837997436523,1604327682.7613013
1039,0.9861163227016885,0.9861213915618059,0.0,1604327682.7493973
1040,0.9853658536585366,0.9831931302138555,0.000266391783952713,1604327682.7470057
1041,0.9609756097560975,0.9599070758397182,0.00040942057967185974,1604327682.7483118
1042,0.9831144465290806,0.980578950527137,0.0006518438458442688,1604327682.7431715
1043,0.0,0.0,0.0002554208040237427,1604327622.8933237
1044,0.009380863039399626,0.002700952247584372,0.29403309151530266,1604327675.5539358
1045,0.1981208053691275,0.01725999527775164,4.951655864715576e-05,1604327742.1227393
1046,0.0,0.005015169779030732,1.0,1604327741.1201754
1047,0.010738255033557046,0.0,0.08987574279308319,1604327741.6990907
1048,1.0,1.0,0.0001009628176689148,1604327742.7926517
1049,0.14577181208053688,0.0032203603466059282,0.03775516152381897,1604327742.7900357
1050,0.9401342281879194,0.9406168392536007,0.00011854618787765503,1604327742.804508
1051,0.9795973154362415,0.9797617927501061,9.319186210632324e-05,1604327742.782691
1052,0.9648322147651006,0.9648618564827062,0.0,1604327742.79729
1053,0.9763758389261744,0.9750200162970827,0.0005308762192726135,1604327742.7975307
1054,0.9688590604026844,0.9683414079046178,5.906820297241211e-05,1604327742.8116393
1055,0.8604026845637583,0.8589583359222853,4.5396387577056885e-05,1604327733.3142834
1056,0.8985234899328858,0.8972902105661195,0.00010766834020614624,1604327738.5090802
1057,0.07624161073825501,0.08240483160568872,7.160007953643799e-06,1604327686.3900275
1058,0.9763758389261744,0.6640191304316951,0.06817447394132614,1604327742.7899165
1059,0.09771812080536911,0.07250479769781516,0.08730900287628174,1604327742.7931187
1060,0.20327552986512523,0.019816062820631024,0.005820523947477341,1604327802.120235
1061,0.04720616570327553,0.04443713326943183,0.10956859588623047,1604327798.0625873
1062,0.016377649325626204,0.0025380843117164165,0.05087226629257202,1604327802.3617897
1063,0.9816955684007707,0.9990214719497323,0.0,1604327802.858083
1064,0.5253692999357739,0.021512395558439434,0.00025971606373786926,1604327801.9101276
1065,0.9576107899807321,0.9745582706930414,0.0005391091108322144,1604327802.8470538
1066,0.9694926140012844,0.9847327879090464,0.00013814866542816162,1604327802.8298094
1067,0.9492614001284521,0.9648186548327108,0.0001307353377342224,1604327802.8407488
1068,0.9826589595375722,1.0,0.00034011155366897583,1604327802.855024
1069,0.9486191393705844,0.9632301776311096,0.0005504526197910309,1604327801.2104688
1070,0.14675658317276816,0.1019543597121301,0.8932740800082684,1604327802.8620706
1071,0.06647398843930635,0.046526834283447824,1.0,1604327802.8483055
1072,0.8811817597944764,0.6106734795413704,0.09790422394871712,1604327802.838298
1073,1.0,0.6943261029533281,1.0658055543899536e-05,1604327802.8581576
1074,0.0,0.0,0.7403356246650219,1604327785.709781
1075,0.100834938985228,0.09426421649041565,0.00026216357946395874,1604327784.0668013
1076,0.30980637101811365,0.03249191061788277,0.028604835271835327,1604327862.3730252
1077,0.0,0.0,1.0,1604327855.2877424
1078,0.03185509056839476,0.010701898068494687,0.17341850697994232,1604327859.838466
1079,0.9606495940037476,0.9774618915504314,0.0007958561182022095,1604327863.2292507
1080,0.030605871330418487,0.0014483644528530282,0.2012539505958557,1604327861.2567656
1081,0.9615865084322298,0.9784142059919625,0.0,1604327863.247766
1082,0.9828232354778262,1.0,0.000353887677192688,1604327863.2338328
1083,0.9759525296689568,0.9927073876321866,0.0004548877477645874,1604327863.246813
1084,0.5571517801374141,0.5636505810176221,0.0012836307287216187,1604327833.9298432
1085,0.9999999999999999,0.6940611555171808,0.0012701600790023804,1604327863.2554896
1086,0.9618988132417239,0.6674103184327868,0.0008081346750259399,1604327863.2481773
1087,0.9868831980012491,0.685025596095934,5.602836608886719e-06,1604327863.259585
1088,0.9825109306683322,0.6819238021471516,0.0016743391752243042,1604327863.2471712
1089,0.010930668332292316,0.0059733394281457595,0.06166619062423706,1604327857.1629565
1090,0.3270753886770314,0.032230880518832626,0.03567900508642197,1604327923.1885746
1091,0.0,0.002889099526066351,0.0020771026611328125,1604327874.0509143
1092,0.011733646230566148,0.0,0.11372023820877075,1604327922.572225
1093,0.9703725432678205,0.9961095535046147,2.5033950805664062e-06,1604327923.3014302
1094,0.26312701672044586,0.029021701172362184,0.0319225937128067,1604327922.3964047
1095,0.9741859782927546,1.0,0.0007413774728775024,1604327923.3029537
1096,0.5236139630390144,0.537049638313794,7.495284080505371e-06,1604327894.397168
1097,0.6271633910237607,0.6430032427039163,4.291534423828125e-05,1604327899.4152212
1098,0.4320915224405984,0.3028406086305812,1.0,1604327923.2970796
1099,1.0,0.6987983038164132,0.0011023357510566711,1604327923.2836578
1100,0.9832795541214433,0.6876248441007733,0.0010460242629051208,1604327923.2945645
1101,0.975066001760047,0.6818693938638065,0.00046960264444351196,1604327923.313791
1102,0.9838662364329716,0.6880586679970068,0.000987522304058075,1604327923.293393
1103,0.9914931064828395,0.6931402344724371,0.0,1604327923.274218
1104,0.0044001173364623045,0.0038537291095036173,0.34432119131088257,1604327921.2417543
1105,0.12298716452742124,0.011014888877849214,0.05945269763469696,1604327982.375826
1106,0.020303383897316223,0.02536995672967718,1.0,1604327977.8184254
1107,0.014469078179696617,0.0018207654432310172,0.005909949541091919,1604327979.31807
1108,0.9880980163360561,0.9978910052781108,0.0004156455397605896,1604327983.367755
1109,0.17759626604434073,0.020632217253326507,0.0023493319749832153,1604327980.760377
1110,0.9901983663943992,1.0,0.0004066973924636841,1604327983.3599517
1111,0.6408401400233372,0.44137369605543,0.6589520014822483,1604327983.3752086
1112,0.5771295215869312,0.3977337523827735,0.7831020392477512,1604327983.3865998
1113,0.9659276546091016,0.6648916742199923,0.0004204101860523224,1604327983.3495657
1114,0.968728121353559,0.666720406976617,0.0001645796000957489,1604327983.3686035
1115,0.9794632438739791,0.6741223535631232,4.601478576660156e-05,1604327983.3604357
1116,0.9932322053675614,0.6835394055509366,0.0004009455442428589,1604327983.374868
1117,0.9803967327887982,0.6745932061625138,0.00017706677317619324,1604327983.3826096
1118,1.0,0.6882501186504809,0.0,1604327983.3759873
1119,0.0,0.0,0.24570299312472343,1604327981.2597318
1120,0.2552842565597668,0.028684340062187477,0.00016816705465316772,1604328043.1937637
1121,0.0,0.0,1.0,1604328008.0393772
1122,0.030794460641399415,0.008352543545855953,0.20257272571325302,1604328043.0621996
1123,0.9956268221574344,0.9999999999999999,7.674098014831543e-06,1604328043.449904
1124,0.10750728862973762,0.013001618044116068,0.01801323890686035,1604328043.4615295
1125,0.9943513119533527,0.9987206729503961,0.00012201070785522461,1604328043.4349546
1126,1.0,0.6852870078855282,0.0002132803201675415,1604328043.4500794
1127,0.9825072886297376,0.6733086077997524,0.000658281147480011,1604328043.4447553
1128,0.9881559766763848,0.677198127552562,0.0,1604328043.4450803
1129,0.9723032069970845,0.6662335636934293,0.0005026310682296753,1604328043.448918
1130,0.9759475218658892,0.6687360492431257,0.000136643648147583,1604328043.4308121
1131,0.990706997084548,0.6788828185158832,0.00015135109424591064,1604328043.4418
1132,0.8418367346938775,0.5766979715965027,0.0010673627257347107,1604328032.7671938
1133,0.7297740524781341,0.49893645277942933,0.0001986175775527954,1604328043.4448261
1134,0.06067784256559767,0.051199886931856946,0.11815333366394043,1604328040.5165768
1135,0.4998020585906572,0.054052350904965955,0.023785538971424103,1604328103.495485
1136,0.08155186064924781,0.03785591972275897,0.337087519466877,1604328088.6945221
1137,0.0843230403800475,0.01026009078333353,0.19243459403514862,1604328102.5638711
1138,0.9999999999999999,1.0,0.0001701638102531433,1604328103.4951143
1139,0.06512272367379256,0.007839755590837187,0.0004667714238166809,1604328101.5480669
1140,0.9728820269200317,0.9729076440220726,0.00019077211618423462,1604328103.4956064
1141,0.9889152810768013,0.6747297046278776,0.00035594403743743896,1604328103.4867795
1142,0.980799683293745,0.6692572870756949,2.4370849132537842e-05,1604328103.506623
1143,0.9689231987331749,0.6611264426398753,9.760260581970215e-05,1604328103.4872384
1144,0.9515043547110055,0.6489932584192637,0.00036519020795822144,1604328102.6114488
1145,0.7494061757719714,0.5101048565827145,4.8570334911346436e-05,1604328103.5065248
1146,0.703285827395091,0.4792558988666651,2.2277235984802246e-06,1604328103.506412
1147,0.831353919239905,0.5668686315251592,0.3288872092962265,1604328103.4687684
1148,0.9827790973871734,0.6707086444554101,0.0,1604328103.4904757
1149,0.0,0.0,1.0,1604328077.9782374
1150,0.024544734758511478,0.0209618245153496,0.292291484773159,1604328102.9736195
1151,0.9646544181977252,0.10603499634473085,0.0003752708435058594,1604328163.5592444
1152,0.0,0.0,0.20169943571090698,1604328107.784819
1153,0.4493438320209973,0.03861102571004828,0.003328576683998108,1604328161.5661976
1154,0.9835520559930008,0.9835547877494599,0.0004822760820388794,1604328163.554193
1155,0.1517060367454068,0.013465246484573458,0.09681074321269989,1604328163.5555573
1156,1.0,0.9999999999999999,3.516674041748047e-06,1604328163.5457783
1157,0.684514435695538,0.46686639629649157,0.0008214414119720459,1604328163.5596447
1158,0.7525809273840769,0.5130843240504581,0.0001404881477355957,1604328144.6651802
1159,0.589676290463692,0.40183677858586103,0.0,1604328163.5668023
1160,0.6568678915135607,0.44781350989348634,1.0,1604328163.5530403
1161,0.9721784776902886,0.6633460945070192,0.00010053813457489014,1604328163.5602248
1162,0.9805774278215222,0.6690703113300281,6.856024265289307e-05,1604328163.5554307
1163,0.9716535433070865,0.6629826669795533,1.0833144187927246e-05,1604328163.5447073
1164,0.9503062117235345,0.6476161906730221,8.891522884368896e-05,1604328158.9210958
1165,0.00594925634295713,0.0016365902007062342,0.027800634503364563,1604328161.8896222
1166,0.9804119547657513,0.0985751391847001,0.0006323531270027161,1604328223.58881
1167,0.05189822294022617,0.09509211753431768,1.0,1604328223.6108549
1168,0.0,0.0,0.019928641617298126,1604328222.0438743
1169,0.9606219709208401,0.9624264254388782,0.0001882798969745636,1604328223.584801
1170,0.151453957996769,0.02038763613381257,0.0006670281291007996,1604328221.4710503
1171,1.0000000000000002,1.0,0.0,1604328223.60959
1172,0.9648626817447497,0.6579326929252809,0.0003736764192581177,1604328223.6020734
1173,0.9519386106623589,0.6489560184055227,0.05853913351893425,1604328223.6058316
1174,0.9759693053311795,0.6651834000888933,0.0003372691571712494,1604328223.625196
1175,0.9656704361873991,0.6584806965529468,0.0001944229006767273,1604328223.617635
1176,0.9787964458804526,0.6669242686219752,0.000329822301864624,1604328223.6185021
1177,0.9888933764135703,0.6734720513011554,0.0001469142735004425,1604328223.59866
1178,0.7051696284329565,0.48813904853416096,0.0003029555082321167,1604328202.320532
1179,0.04462843295638126,0.07445334518576371,0.006813526153564453,1604328219.9211009
1180,0.9739252995066949,0.10673549206238607,0.0004512518644332886,1604328283.6842659
1181,0.3809020436927414,0.3961519907058619,0.0004281550645828247,1604328249.0803459
1182,0.12931642001409444,0.020206572960774265,0.07086332142353058,1604328283.0783682
1183,0.9675828047921072,0.9999999999999999,0.0,1604328283.6589808
1184,0.5708245243128964,0.03223335602674629,0.042402833700180054,1604328283.688441
1185,0.9235377026074701,0.9556941353737082,0.0014441460371017456,1604328283.6823566
1186,0.9837914023960537,0.6943550498166381,0.0007547289133071899,1604328283.6791673
1187,0.9950669485553207,0.7023541149835073,0.0007470250129699707,1604328283.6960716
1188,1.0,0.7058166749650041,0.0011852830648422241,1604328283.6807153
1189,0.9876673713883016,0.6970857593269201,0.0008115172386169434,1604328283.6815624
1190,0.13883016208597604,0.09941239060347543,0.001714259386062622,1604328230.503671
1191,0.26462297392529954,0.18828637635549594,0.0003815293312072754,1604328235.3658102
1192,0.0,0.0,1.0,1604328270.4020922
1193,0.0821000704721635,0.06167600290127301,0.1151428371667862,1604328283.6724496
1194,0.9573643410852714,0.105620092495244,0.0006688982248306274,1604328343.748903
1195,0.0007047216349541931,4.637671181463468e-05,1.0,1604328334.2637594
1196,0.13883016208597604,0.014714565682093854,0.010587438941001892,1604328343.0477235
1197,0.9806201550387597,0.9999999999999999,1.2315809726715088e-05,1604328343.7587893
1198,0.7790697674418605,0.034497101933622015,0.0006613209843635559,1604328342.3873885
1199,0.9795630725863285,0.9989242515300728,2.2523105144500732e-05,1604328343.748603
